Grount Truth BMI,Predicted BMI,Error Embeddings
51.8657777778,46.6636148677419,10.0300489705271
33.744,44.3016176777856,31.2873923594879
42.7170138889,28.2127203361643,33.9543714138329
30.5121527778,28.5415865401611,6.45829958963972
33.6533131771,31.5679514768951,6.19660147347372
22.1403376165,31.1441381427738,40.6669522490197
36.1542857143,35.2932619747873,2.38152606945888
31.5632653061,28.0013647346519,11.2849559033416
43.0408163265,43.7397974205762,1.62399590373439
24.8202040816,28.7534972951255,15.8471429187054
23.6286111111,24.4930710091814,3.65853030470886
21.2852777778,23.03832997718,8.23598459780678
29.8565197429,34.3524594182117,15.0584854297389
22.9168962351,26.7867186576027,16.8863286843163
39.8624885216,35.1134145696077,11.9136414411733
31.6317722681,28.8066095028499,8.93140839945671
28.4567380671,27.6107125777171,2.97302342730922
24.306797099,26.5543816280617,9.24673259050724
25.3285462333,24.1690966002784,4.5776398785069
20.5462333081,23.1701395540159,12.7707410237645
34.5804398148,33.7145972717326,2.50385058057252
27.1219135802,32.2940250603517,19.0698619581457
35.7332493174,33.6451330545442,5.843622684039
29.3839529511,33.1401132287288,12.7830325752281
56.1100609116,42.2620767561875,24.6800376446386
44.1497584541,39.9585915630243,9.49306867767583
27.8912914104,40.4339079647735,44.9696515296407
25.1021622694,30.489331310014,21.4609760816544
25.0149219467,25.3408432535293,1.30290755063618
22.7555096419,29.3610828675036,29.0284565345031
27.2880473373,32.5811082695185,19.3969941007227
21.9635502959,25.6523226886278,16.7949732307914
31.1959459459,33.233066517731,6.53008110529416
22.8513513514,26.6788622468093,16.7496041549193
39.9337278107,27.9885806196873,29.9124270281926
27.9536094675,30.6494888811109,9.64411918519946
30.2699012812,29.5518724423027,2.37208847239701
24.5112371351,32.3845859614463,32.1213849099101
26.6287878788,24.4373160449827,8.22970930480091
25.0149219467,25.2590213943095,0.975815347853611
46.8249053241,39.4716413775611,15.7037454654592
34.6097126309,29.2146842437153,15.5881918024594
44.2974165091,43.0103930649779,2.90541423303482
39.2770426381,32.7013299691509,16.7418731841344
38.2110692323,38.7034748487865,1.28864652672495
24.2654235271,28.5263167791101,17.5595255827761
40.0048225309,33.1710617643539,17.0823424132619
30.5121527778,33.2516593824453,8.97841140412257
35.5709225839,36.0089038544997,1.2312901628195
29.7610052285,28.8749882541716,2.97710701478565
40.2341311134,37.5404911007065,6.69491284676055
33.1017169615,29.9596314490176,9.49221309618744
37.5500125976,28.4904029077925,24.1267820250653
34.8931720836,31.1155693272569,10.8261947274166
31.5278407659,29.3964635860659,6.76030177791104
26.214159738,26.8583039600071,2.45723772360077
35.236132769,40.8565155560076,15.9506232532768
27.249276008,28.3195951976714,3.92788120079657
45.3426498253,34.2711908399836,24.4173179731962
37.4076861059,29.2166802897409,21.896585084067
30.5121527778,34.0550278269038,11.6113572021753
21.0194830247,23.1317452018083,10.0490681651218
33.2963867188,40.6076244071658,21.9580513348546
22.4836425781,28.8766312425995,28.4339543394385
40.1644736842,37.0446459882312,7.76762997194727
29.9407894737,29.2007019975974,2.4718368790933
29.2105263158,32.6232373842165,11.6831550089892
27.3848684211,38.5691979740373,40.8412754845292
49.7687114198,47.277147806817,5.00628515768997
31.4614197531,42.0136267763848,33.5401488747025
46.8021120294,35.1632499237555,24.868241198887
30.6634527089,24.2625335381481,20.8747502491591
46.3179522498,35.6438664392403,23.0452455086803
30.0179063361,28.0598448920544,6.52297805890215
37.3581081081,35.0859433304571,6.08211949884648
27.472972973,27.5549567292712,0.298416033647949
28.7125390219,34.0144483242192,18.4654840112721
24.5062434964,26.9514966709037,9.97808242157927
48.005787037,33.5711796166307,30.0684736389052
32.6819058642,28.6375771755331,12.3748250957943
28.3627322199,27.3091093981459,3.71481426255138
25.7243385251,23.075200294008,10.2981782350095
42.0825456837,42.7830312164283,1.66455123222173
25.8401596303,27.78156532927,7.51313353611608
45.4797959184,44.8229291604215,1.44430454164098
28.9808163265,32.0995163413835,10.7612566179917
49.5611342352,43.9125668141981,11.3971714089426
43.8917793965,34.7224969436756,20.8906601165401
30.3813766986,31.1781802262062,2.62267090629543
22.3945199376,29.1349249981309,30.0984574767056
27.6959064327,23.9488137909646,13.5294096650734
25.9649122807,24.4155868340663,5.96699665257613
47.1301903114,38.5243106550762,18.2598024736645
31.0147058824,31.5201022907665,1.62953796912611
32.5462962963,39.2361816153358,20.5549819190835
24.4097222222,32.9203837943409,34.8658681760855
39.6056338028,39.633067255446,0.069266541175921
31.2382463797,33.0805400600503,5.89755794213694
36.1762234825,34.9595096618013,3.36329694913367
31.7464818315,31.2538163726609,1.55187419334844
58.3544921875,40.333107752542,30.8826000525429
47.8850097656,31.860558287959,33.4644423298265
42.6865709247,46.4899196381268,8.90994200526434
34.8931720836,40.9606151577047,17.3886256588189
36.9587881488,33.0609668090511,10.5463992056662
35.7059478726,28.327449727527,20.6646191592497
45.1928571429,34.8731309784171,22.8348611194284
35.15,31.0068291470975,11.7871148019986
35.4245401864,32.1785871381001,9.16300686253105
26.3912824389,25.8378753593132,2.09693136689368
32.4847721067,36.597242811263,12.6596877178486
26.4307918505,33.6435224573977,27.289120385401
40.4328994083,41.4313462022684,2.46939202624544
31.6142011834,35.9659022150572,13.7650197340498
41.3191836735,39.4589252284271,4.50216649915563
33.2848979592,31.3424507120318,5.83582154750547
33.6700824237,30.7690424071032,8.61607637335272
27.4058810425,25.8920161688876,5.52386865893767
39.8624885216,31.0515580925045,22.1033125524042
31.1476124885,31.9899003607575,2.70418117140915
45.2588549788,44.5270658977663,1.616897027944
31.0077968367,42.8648593169954,38.2389711295505
38.2698224852,27.5066604886702,28.124410560546
30.6158579882,26.5594178121213,13.2494741047014
25.6756756757,29.7449699930082,15.8488304989748
22.4662162162,25.787464664133,14.7833013622388
45.6442109214,31.109102795108,31.8443628071951
36.9375117283,31.7895964332032,13.9368220928447
46.8249053241,38.3450260475475,18.1097627808508
34.1398975273,31.7885135715371,6.88749564606225
35.1195934256,31.5201022907665,10.2492391959461
32.5350346021,29.7505087645494,8.55854580025825
49.2229109275,44.9606154305645,8.65916992031089
27.4357208448,28.1660680598209,2.66203034778045
43.9016326531,34.7971675594233,20.7383291769989
30.8459183673,26.7765357961917,13.1926127880254
28.8674866098,31.5981530143932,9.45931470066462
27.8912914104,26.5657033204916,4.75269527826209
27.597107438,34.8578924004033,26.3099492536146
24.5307621671,29.3201344590777,19.523944096613
25.0568055246,30.6887658517265,22.4767691220543
23.0209400757,28.1860098283244,22.4363980603748
38.7327823691,42.3081539178971,9.23086680095938
33.084251607,26.0956842548927,21.1235467409777
27.4323621228,32.0283269188063,16.7538062359801
24.6891259105,25.9802373414212,5.22947404295146
38.6294386035,38.0484393061766,1.50403246417037
24.6837928982,25.8627933014554,4.77641506764293
45.3310228943,30.1697488116825,33.4456915255797
39.1293845831,30.8101657091881,21.2607966175501
31.7517089844,27.9788850323476,11.8822705067813
24.71484375,25.1148710758804,1.61857113047863
43.2615384615,41.3222685051958,4.48266526173134
28.4527810651,32.6834907024755,14.8692306305511
42.0825456837,35.2522339605486,16.2307474801768
31.0081915564,31.9293575479161,2.97071820470606
27.1940091252,34.3486750827394,26.3097137483467
25.1021622694,33.1051584161005,31.8817003125516
32.7722674073,36.0611867291125,10.0356782792511
27.1940091252,27.4333951767201,0.880289663866689
36.6347566575,31.5201022907665,13.961207425371
21.7871900826,26.9699123541599,23.7879334228557
39.5397153352,40.6726217052674,2.86523653613368
33.5684113866,37.2273637695126,10.8999867189819
40.3466483012,37.7427915434403,6.453712680967
34.698117539,30.672988134322,11.6004258736914
42.6100581723,35.3336783217569,17.0766719470788
29.4180896979,27.5276525151477,6.42610448933144
31.9269031142,23.8029257218253,25.4455540624027
29.6464100346,26.0128926065865,12.2561801707959
29.98734375,35.4362412668955,18.1706574691048
26.69203125,29.6708985191573,11.160137050856
47.2505776097,41.3499753511014,12.4878944493311
40.6059651334,31.5201022907665,22.3756849831899
32.0044224766,31.0708532857162,2.91700058504845
23.7747138398,31.4525714349571,32.29421664922
41.7062988281,31.3648604452016,24.7958669876761
37.072265625,31.5201022907665,14.9765956858308
40.4993432164,32.2936161011809,20.2613831818789
37.4651904673,31.2063758318288,16.7056794784854
30.2247716641,27.3009466037539,9.6736051237698
23.6473602139,25.6540793057685,8.48601735549723
42.5255198488,29.8595946126271,29.7842925405892
33.3707204369,33.1470438925553,0.670277840622721
46.8249053241,40.4451543029424,13.624696039426
33.2002673201,31.4770790383041,5.19028435880288
40.8308080808,33.8301956914284,17.1454171945804
33.891184573,29.7900721206618,12.1008235740613
43.8494096681,41.6086861637734,5.11004257819395
30.5379817331,29.443710928236,3.58331082396949
32.7160818165,36.5291663122417,11.6550769041622
25.7243385251,30.5179495131306,18.6345354744626
36.7281632653,31.8013361397845,13.4143030511146
25.1071428571,34.4456657320014,37.1946857037959
44.3671111111,33.7672158066679,23.891335358502
29.8696888889,32.5785323463499,9.06887067865158
30.1285714286,27.3325938025285,9.28015333451017
25.5375510204,27.3900067943773,7.25385050625064
37.8759183673,32.2407468285321,14.8779799452546
23.2420408163,22.7474591471488,2.1279614516654
27.8041992188,37.2861346806677,34.1025302949794
21.2822265625,28.3320560371833,33.1254319372078
48.4159779614,42.1189419687377,13.0061113248248
22.5941230487,29.4878845656361,30.5113037672544
36.6059171598,31.4759317328778,14.0140879533975
26.6224852071,31.5201022907665,18.396543544178
36.8055920435,27.5520999872855,25.1415383979639
29.0223306436,22.7978827714343,21.4470986103878
37.3494687131,35.7194457216876,4.36424679540538
27.2710406477,30.1606025791944,10.5957156854522
49.4052777778,30.3210362897761,38.6279408727448
45.3044444444,31.2818959209094,30.9518165280667
45.0357067843,51.0330797297879,13.3169286633216
39.1293845831,42.7093739146573,9.14910717278058
28.3190917969,29.235442180146,3.23580427585008
22.6552734375,26.1013381523537,15.2108723135057
28.884837963,26.8137162099064,7.17027305379591
21.8331404321,21.6669107683761,0.761363965210898
28.5654269972,34.9239727143795,22.2595857495943
26.4674012856,28.7381907381642,8.57957087687206
30.7822485207,30.6519511203711,0.423287467909573
22.4627218935,29.268856355872,30.2996871645438
36.8021831143,29.281603909911,20.4351442441108
30.5379817331,31.5201022907665,3.21606243087761
43.0663844954,33.4474061616803,22.3352353498519
35.549342838,33.0837035815823,6.93582232350605
53.5155709343,39.7366228182352,25.7475494991559
28.4301470588,29.2504497961511,2.88532709892259
32.6125443787,35.7973105508702,9.76546366695094
29.950295858,32.2027021426559,7.52048091723362
29.4943771626,34.3412768805738,16.4333007991769
24.9333910035,32.6396446445147,30.9073629011511
28.693877551,39.898506277991,39.0488483373364
24.3897959184,32.236141514038,32.170607830788
51.9952422145,45.5378699371011,12.4191599122854
32.991133218,30.0481292554771,8.9205907025867
38.2486225895,33.2054167907171,13.1853265747859
31.4703856749,36.7384096248064,16.7396230994018
31.7464818315,39.2946311348191,23.7763332119201
24.8065532451,25.8315057525945,4.13178121671117
28.0550304558,35.0448874383408,24.9148080361315
22.1487082546,28.5563709420325,28.9301868703865
33.4695496925,33.1831775437912,0.855619963040529
26.4967268399,27.3327136709998,3.15505698553277
27.8912914104,29.1364745557733,4.46441553046554
21.6157508431,23.9065415943616,10.5977847722687
25.6827916352,29.4691724484593,14.742870895973
22.8488284203,26.8775098065834,17.6318947832972
33.2230623819,36.2968290655284,9.25190654701053
29.236294896,33.4982437694624,14.5775957200565
35.2716262976,36.9927928349623,4.87974816596255
30.1025086505,32.9898489337494,9.59169322654257
25.6756756757,24.668162218921,3.92399977903028
22.2094594595,23.0714854576851,3.8813461433271
45.4154600134,39.124696280414,13.8515909144813
32.8870572511,33.7965865324397,2.76561467447584
24.3252595156,24.9106019268274,2.40631517559768
22.8049307958,22.1804933434879,2.73816859127283
32.1177102929,34.7137467861945,8.08288159280266
21.537758667,26.7051505076594,23.9922450639065
43.1773356401,38.737798710964,10.2821002345797
31.3187716263,27.6518982710601,11.7082285314173
29.8341049383,27.9763872390005,6.22682565185533
24.4097222222,22.316291974433,8.57621495529793
36.6059171598,27.3329860502856,25.3317819330525
31.6142011834,28.5900793663832,9.56570687797326
43.7607100592,40.1701874473904,8.20490025630823
37.9370414201,33.7281640477574,11.0943742969704
23.7729468599,26.0727707668368,9.67412210396232
20.9674438143,25.8718284252676,23.3904745585762
39.4247006931,39.1602642323029,0.670738030088281
32.7800882168,34.1437788324443,4.16011880939782
35.8175675676,30.9168034739065,13.6825709463494
26.7027027027,25.0053371640023,6.35653086354467
40.8308080808,31.5201022907665,22.8031386780506
31.4703856749,30.9662207875146,1.60202957978843
51.1184210526,39.3606334213728,23.0010774768036
35.2960526316,32.3889098936611,8.23645286423949
30.5379817331,34.1503186078617,11.8289967763204
22.7077300067,26.445047583258,16.4583495376037
28.3152777778,30.381558274798,7.29740500239071
24.4097222222,26.3714089722317,8.0364976388285
31.0361842105,40.4561348644469,30.3515103211689
26.1677631579,35.9561597961491,37.4063177627546
46.0693131695,39.9304071280861,13.3253691428552
28.3503465658,32.306226670105,13.9535511325181
30.0354003906,24.9318842105767,16.9916702080007
27.1176757812,25.6366130293159,5.46161390760075
23.0103154136,30.3840846193202,32.0454938282246
20.6395556437,28.5073277430775,38.1198715476176
49.9171597633,32.4240200684635,35.0443410197745
35.2747928994,34.4704551694934,2.28020539256031
32.6184210526,30.2529744306385,7.25187346790028
24.0986842105,29.4660512121449,22.2724483824984
38.464316609,46.2915936718477,20.3494504852746
30.1025086505,35.2331043522002,17.0437479522657
22.4945369407,28.3707583805841,26.1228824375223
21.5801248699,26.2297239705424,21.5457469716854
28.3627322199,32.499128355317,14.5839128027123
25.0647401013,33.1836576945553,32.3917884663572
30.0681666295,32.7855811246775,9.03751309037723
25.3700155937,24.8592872350576,2.01311803201739
50.0298438935,43.8594296324368,12.3334669486444
36.3119834711,27.8248477031632,23.3728233950413
39.3106122449,46.432505091457,18.1169725930203
22.8116326531,24.1107654939718,5.6950454210267
39.9342838049,36.9464999649226,7.48175140582036
30.5379817331,25.7435689940587,15.6998349823645
35.4245401864,44.5239299226399,25.6866841132162
19.4834971025,33.9213949793182,74.1032156643256
41.0896990741,42.5099213172992,3.45639485126921
30.5121527778,39.5704742256798,29.6875855133711
45.6098615917,43.0193260549076,5.67977066008861
30.4065743945,31.5201022907665,3.66212872854206
35.2584876543,33.1211822345944,6.06181819441975
30.5121527778,28.7837358187029,5.66468374645351
46.6407254362,22.8090311436913,51.0963199427679
24.3693755739,34.0284506709393,39.6361206209335
49.9171597633,43.7261511706012,12.4025658151539
39.1017751479,32.0378517970456,18.0654799536225
31.8682484568,30.4910068410257,4.32167339739823
26.4438657407,24.8222882941135,6.13214974878169
58.5717119619,40.4160790881034,30.9972720032608
36.2586788336,33.1422325294393,8.59503546299313
24.3918918919,25.7900548304642,5.73208074535826
21.8243243243,29.8336778253246,36.6992048963765
24.6891259105,28.8756286566909,16.9568690336276
21.9458896982,26.2791633771988,19.745263184086
36.9075,42.0918363852037,14.0468370526416
26.3625,29.9510449162585,13.6123088336027
57.9438627757,38.4730580408094,33.6028766502189
46.8249053241,31.5201022907665,32.6851766755338
27.4058810425,31.5201022907665,15.012183851657
19.5756293161,25.4481938215062,29.9993650808268
39.7450902599,39.0454559741822,1.76030367812169
29.9831382662,31.5201022907665,5.12609457662782
25.9679591837,26.7380738412285,2.96563411887946
21.3769387755,30.2859439412375,41.6757762151991
30.6804205515,32.8021025101287,6.91542658311106
23.2892283277,27.3822822211685,17.5748798366164
51.3664513255,42.3260928747475,17.5997333229531
43.536199599,38.0929431215593,12.5028287438432
46.8249053241,39.0121132571999,16.6851209048339
32.7304522165,32.4222919778004,0.941509260737469
31.0900104058,30.8829061784363,0.666143962837221
23.7747138398,26.3646024052486,10.893458415104
40.6059651334,38.1416226193196,6.06891747550998
25.1018693552,27.9281161618164,11.2591088999152
44.2199265381,40.8232619919309,7.68129848258007
37.1189164371,38.146080493762,2.76722532674839
43.9375,43.1616158534528,1.76588141461667
31.3187716263,38.1574566371475,21.8357382992145
31.7931588613,34.9532079278587,9.93939948007257
23.4010560147,29.3260410953841,25.3193064319925
48.7837837838,52.3924268156658,7.39721840326816
37.2297297297,42.6887920836327,14.6631801884335
29.0495867769,33.3001412941675,14.6320653368037
23.2396694215,29.8609735338669,28.4913868277371
29.598351526,32.1706777495098,8.69077529959801
25.3700155937,28.1955013406973,11.1371068597173
49.9911111111,42.2144297582167,15.5561282396793
28.4949333333,31.1947727892691,9.4748053079808
37.1189164371,30.8711538992392,16.8317481692871
28.2426538108,29.1390494849347,3.17390738186196
29.2851414569,30.8249548342118,5.25800218372857
21.924704834,27.8851279466365,27.1858761965785
39.4540816327,31.9005017408997,19.1452432276102
33.7153061224,31.5201022907665,6.51100074151496
27.9853867473,31.5201030533021,12.6305787299621
21.0776014109,26.8334392841029,27.3078409682154
34.698117539,30.8527293566254,11.0824115402009
25.0149219467,28.2286288383859,12.847159381642
33.2243441358,32.2052711102787,3.06724798345448
25.4945987654,31.5201022907665,23.6344316724216
35.6620707596,33.6743828611383,5.5736749328462
21.0314776275,26.9368161950294,28.0785719012334
29.425312438,32.5288055570926,10.5470184067943
26.3572703829,32.5564274285019,23.5197232321287
38.7702702703,32.534963111772,16.0827023259226
32.7364864865,31.9555166632264,2.38562505354891
35.2747928994,34.3400647311536,2.64984735959228
27.4544378698,29.6575733133413,8.02469696880867
42.0825456837,43.7509992838013,3.96471642338774
32.7800882168,30.5484051842362,6.80804462088071
42.6100581723,45.8102302359524,7.51036774160701
27.7031337962,36.4562991527561,31.5963003353677
38.3505256893,30.6974799918478,19.95551706241
27.1940091252,26.3467057350877,3.11577225046647
34.3848427842,34.5852782660782,0.582918128013939
28.717011556,30.7121752554055,6.94767175029618
32.3537146614,30.4053196691212,6.02216781803838
28.3095003287,23.4274434931143,17.2452949677685
29.5316110061,31.5201022907665,6.73343314814677
23.1823146398,35.3165158771008,52.342492222362
31.8502040816,34.7757948814078,9.18546955715716
26.5418367347,30.4274320552481,14.6395117993782
31.7464818315,32.2493080880243,1.58388025228477
22.8869985297,26.9496155198723,17.75076353896
29.2252456538,34.3661235693383,17.5905379083438
24.7971781305,25.8544286212874,4.26359195075912
26.6027832031,26.5272918022536,0.283772567216208
22.3120117188,31.5201022907665,41.2696563986106
39.4540816327,39.7846037742098,0.837738778428074
32.9979591837,31.9981572796811,3.02989011669779
36.0424804688,34.1446404582064,5.26556437267533
24.0283203125,27.7957409304101,15.6790843842306
33.4472318339,36.5906141673682,9.39803433981723
22.6528979239,31.176203444706,37.6256739841372
30.5121527778,41.0457011776207,34.5224687242805
26.4438657407,38.9914704992825,47.4499639410525
41.186240258,46.2687554706548,12.3403233235585
31.7398548777,39.1083834582763,23.2153820771037
33.610887574,30.4586699950519,9.37856095590445
23.9602366864,25.2508908668282,5.38665037962994
30.5502929688,28.2126195822944,7.65188533181331
25.7446289062,25.1164620891246,2.43999173328197
31.0081915564,40.2793071158731,29.8989237815114
27.1690821256,35.3525588794606,30.1205492185168
28.3455112497,32.5470750256454,14.8226777034754
21.7680997995,26.3579097901875,21.0850282429931
37.9706790123,37.4966769540829,1.2483370604554
27.7999614198,32.8138466839694,18.0355835335741
29.4440686785,29.8403658290484,1.34593202751826
22.1287721124,23.2520702037392,5.07618807601961
38.7702702703,31.4371962768064,18.9141678465706
31.5810810811,28.5925307246007,9.46310339669729
29.0495867769,37.7252445483926,29.8649954580126
26.3060146924,30.3981590470829,15.5559266674672
35.2584876543,36.2714967093083,2.87309275695709
29.6984953704,47.0003003170982,58.2581869246569
30.8459183673,28.7625723954654,6.75404099507431
24.3897959184,27.2447812189668,11.7056547341299
36.2586788336,36.9345148865268,1.86392906379291
27.8912914104,34.1469597107368,22.4287509971812
36.7434666667,38.263652481927,4.13729556064103
23.3708444444,26.6531408080916,14.04440636067
57.160837603,45.9349172717782,19.6391809532067
41.5003341501,33.6045353644339,19.0258679776126
60.0968283974,43.7257001960927,27.2412515566555
34.2566687671,36.3657148944192,6.15660016932154
28.884837963,35.0039496775592,21.1845111348641
23.4604552469,24.8064530380629,5.73730465584532
31.6317722681,32.9379112423492,4.12919947443607
26.1446280992,28.9064719149118,10.5637142943193
29.7984429066,24.7487669896056,16.9461066567205
24.0211937716,26.9276998621298,12.0997570652218
41.19140625,37.5783229219154,8.77144933133862
32.6098632812,27.8300408661327,14.6575972240366
38.3388157895,35.0738835376311,8.51599660718547
33.4703947368,31.6629685951329,5.40007417265347
41.19140625,37.2424234422477,9.5869094242256
29.1772460938,26.2311345557344,10.0972913228148
40.1644736842,36.3147051450318,9.58500930309122
30.4276315789,34.4834650516821,13.3294418997587
39.0478079746,36.2941718739695,7.05196077183562
33.4695496925,28.9433880034776,13.5232225428974
35.2584876543,49.5812963563874,40.6223002033402
29.1560570988,44.1002340757816,51.255822851289
30.4065743945,28.588514917403,5.97916573405867
26.3016868512,26.1428757711837,0.603805683318953
30.0681666295,29.2726056613171,2.64585792005812
25.8398306973,32.424320958273,25.481940412485
44.7511574074,33.4818264307985,25.1822112085486
26.4438657407,30.7110224466704,16.1366600020313
32.5462962963,41.3019746071118,26.9022263888355
24.4097222222,29.7821408044821,22.0093392844759
45.4578287197,39.9949501320464,12.017464849319
27.669982699,27.6663913187681,0.012979336745408
48.6842105263,36.5644461950776,24.8946510587352
37.9736842105,33.7279778772538,11.1806542386325
28.8373469388,30.4699690953052,5.66148529533604
25.6810204082,32.5318277022254,26.6765384908067
33.2243441358,31.4589952544286,5.31341980493513
25.0877700617,26.6386981156747,6.18200840553147
59.1824324324,45.043743808755,23.8900093195639
30.9391891892,33.0412660765216,6.7942209941797
27.4540186445,28.9819144058789,5.56529002607417
22.4945830184,26.0934353581453,15.9987510628738
48.5475607039,36.3320510924195,25.1619431220963
27.8756961461,24.2480838089527,13.0135309200335
41.0083333333,31.9823959757137,22.0100077811672
27.7294444444,31.9623675437606,15.2650844045866
33.6700824237,31.3229349731594,6.97101783418407
25.8398306973,24.7422238931223,4.24773218151305
41.7425777778,33.8248559888079,18.9679751718711
27.8700444444,32.7498118157945,17.5090046272782
30.4651045603,37.6827523348945,23.6915247092243
25.3285462333,31.4678307618261,24.2385981097275
45.3669333333,37.5817375840303,17.160506953542
29.8696888889,29.766986135522,0.343836033110363
32.4134542706,27.6896035650877,14.5737343082159
25.6827916352,26.4159268738264,2.8545776839212
34.9420118343,31.8810706017434,8.76006008775916
19.9668639053,25.5680480645274,28.0523981422071
31.2368164062,33.2740692420224,6.52196052673934
22.6552734375,24.3542776252373,7.49937621553945
39.9928888889,38.973070919875,2.549998255585
31.2444444444,32.0943254343392,2.72010274163004
29.6819290674,28.8740923936933,2.72164478215789
24.4051416776,25.9909619880652,6.49789430200576
41.9605142332,42.5891782172175,1.49822754917548
29.8565197429,29.3361361653811,1.74294787872137
41.606122449,33.3141265450262,19.9297493154715
27.2591836735,28.36071731606,4.04096342632173
28.693877551,40.9557117650542,42.7332771329362
22.9551020408,28.3009776698864,23.2883984553183
26.3096458008,33.3219309180102,26.6529058213204
20.6718645578,28.724063730753,38.952457096642
45.6098615917,40.6183494488427,10.9439317916405
25.0854238754,35.1387101760308,40.076206607334
32.2750771605,25.4858767744752,21.0354272811276
28.4780092593,26.9696523734869,5.29656715846637
28.1010288413,32.1486743097546,14.403904893709
23.1210996795,31.0009777474612,34.0808965714887
25.5924188403,25.2086350492066,1.49959952393816
24.2732219929,25.5498325350926,5.25933698693158
44.1930943892,42.0293013614275,4.89622430309223
35.6183148808,34.4508400315482,3.27773745939093
28.693877551,37.7022147334829,31.394631717068
22.9551020408,33.6185267695723,46.4533972004102
30.0354003906,27.5395727855193,8.30961989060683
20.595703125,27.1772357737374,31.9558531640925
32.4847721067,26.6565778083564,17.9413119451792
23.6252888049,28.2644234126746,19.6363085593791
42.6100581723,49.6233882510492,16.4593299788275
29.4180896979,34.0537106605336,15.7577225789903
25.8218549128,30.260427895263,17.1892104477079
22.5941230487,29.7383567162577,31.6198758949786
28.3396321492,30.7353695953212,8.45366458360621
20.3691106072,26.5409172613896,30.2998337689227
36.3119834711,27.9389967825586,23.0584668975885
24.6921487603,31.5201022907665,27.6523262383891
43.9304598622,37.3464357880533,14.9873779942193
24.2180740266,25.3919584559011,4.84714196517758
42.9923555556,35.518508376337,17.3841304638389
36.4935111111,36.5839515804272,0.247826165730844
64.8923076923,44.0995575583544,32.0419335871651
44.0934911243,39.5087588997391,10.3977528375707
38.9669942051,30.9643366148388,20.5370153729071
29.9337364575,31.2955089774333,4.54929013578625
27.3848684211,26.6408370298416,2.71694345876471
22.2730263158,28.981069037619,30.1173384645106
41.2426666667,38.6609191489101,6.25989473147829
28.7448888889,30.1965595560153,5.05018708795868
48.7795918367,36.7013924081259,24.7607636181304
41.606122449,32.636351347429,21.5587768664719
41.3149678604,36.6929407740707,11.187294401261
35.5050505051,32.5657809174141,8.2784548842247
37.4908949011,29.7865650704902,20.5498691107097
33.4674817898,30.3530809161666,9.30575205267635
50.5012244898,40.9894555607101,18.834729306437
38.7367346939,35.013158412242,9.61251977246384
53.0339355469,42.3032737786202,20.2335762142152
35.8708496094,24.4448258353128,31.8532287317025
38.686410418,32.4833928164689,16.0340996606006
23.0346565848,27.9216004986581,21.2156143759611
37.1189164371,38.2329160552093,3.00116416382207
29.0495867769,31.5201022907665,8.50447730234508
51.4892578125,43.2805458298129,15.9425719682723
35.1843261719,34.579578688366,1.71879796867328
54.2438271605,32.9073606466637,39.3343678548061
40.6828703704,32.9368241267216,19.0400681494545
41.3149678604,38.4074056917449,7.037551568428
35.5050505051,29.8175647554879,16.0188076589136
32.6125443787,29.8383093982389,8.506649920492
25.4577514793,32.994387353918,29.6044836510645
44.6260662567,44.3654576588961,0.583982904307133
32.074985122,35.3916081404331,10.3402168568996
32.1177102929,30.5136891881805,4.99419507210042
20.593120129,26.1956085913212,27.205631916028
38.0872359963,35.9639574105235,5.57477729805011
32.277318641,35.1702906454842,8.96286347902959
29.2851414569,31.4367732925685,7.34717924731603
21.924704834,31.5201022907665,43.7652298145712
43.6486486486,41.6063810904028,4.67887923550345
25.6756756757,33.4973953797921,30.4635399001193
38.3682334596,37.1023834448621,3.299213699976
26.6228558699,27.2237720228235,2.25714384609992
27.9765306122,26.4587726498201,5.42511143865007
24.3897959184,26.6348235268695,9.20478226214193
27.4609375,30.0693026192657,9.49845619533455
20.9389648438,24.6807381100784,17.8699056719909
36.9587881488,29.3130215139066,20.6872763363093
26.1530407663,25.5173113378731,2.43080502228284
37.4933333333,39.5252585801425,5.41943077927891
29.9946666667,31.4199282945691,4.75171684255262
38.7327823691,45.1337004857105,16.5258412256925
30.6634527089,27.2029696971242,11.2853664739829
53.2055664062,46.8030984947381,12.033455038486
29.1772460938,37.8046453204357,29.5689291542459
35.2584876543,46.2950575851123,31.3018812350175
28.7492283951,38.1994077297113,32.8710711979386
25.5052405267,29.9735243299552,17.519081220103
21.1599032518,25.3141074135754,19.6324345737357
33.8304358781,33.4372812534993,1.16213289718565
26.7455278408,25.6474820188372,4.10553057131199
34.9420118343,37.2112412369582,6.49427232014921
29.7839053254,31.0660354816461,4.30477515368909
40.6059651334,33.3407513499775,17.891986459513
25.8401596303,25.8913215361839,0.197993768675895
29.4440686785,26.2987943456145,10.6822000968303
21.7630072841,25.7775157792615,18.4464786633348
38.6814435286,31.5201022907665,18.5136349230054
29.4417464914,35.1894371401642,19.5222476032226
45.4292052469,45.5277778078303,0.2169805973813
32.8175154321,35.4700772674419,8.08276251390845
49.9911111111,39.2785749358346,21.4288819295453
26.8702222222,30.6951744851586,14.2349111642197
36.045505528,44.3070448767791,22.9197488778776
29.8501842653,38.4242440495391,28.7236410604212
57.4897777778,49.8634861713864,13.2654741437504
51.8657777778,41.7430012714574,19.5172557706739
30.4651045603,38.2521299035744,25.5604746993776
24.7971781305,29.9127096702085,20.6294906331156
39.7450902599,40.3074820315441,1.414996841035
33.3300932355,30.0645069156436,9.79771132586636
33.084251607,30.5348731546208,7.70571594806696
27.1129476584,29.0458030770031,7.12890181825831
45.4154600134,38.5778073167909,15.0557820940086
38.3682334596,37.6511965060565,1.86882972941276
34.6996429322,35.5683932100472,2.50362886887527
32.4847721067,32.983014055612,1.53377079967029
34.0202702703,34.7542836416264,2.15757654332099
24.3918918919,25.9742839055094,6.48736892005854
29.2611862643,31.652448179368,8.17212909097076
23.7747138398,27.0273439447063,13.6810483895762
40.3466483012,40.684036185003,0.836222828930672
30.6634527089,33.9872308421767,10.8395429726411
38.3910943079,37.2392107238374,3.00039268176204
28.0550304558,34.8161254953339,24.0994036708883
39.4983623079,33.1817884610905,15.9919892312754
36.664399093,29.0959887674479,20.6423956556732
33.5075999249,35.2887661088952,5.31570804231667
28.0988928504,27.8832990307454,0.767268022987359
31.6607243385,31.3236344356269,1.06469422262457
25.0647401013,24.2302775035198,3.32922900619631
32.2208333333,30.8231042330264,4.33796694770479
24.9955555556,35.0853397299369,40.3663129306857
37.9258494031,31.4999949038038,16.9432052292307
33.084251607,30.448414216923,7.96704553389174
45.4797959184,41.6039873764369,8.52204470951693
28.5504081633,29.907346029949,4.75277922083535
27.1157142857,32.9778746026341,21.6190517984091
24.2463265306,27.1903349264372,12.14208012963
29.8138487521,33.9310694076641,13.8097589807961
25.0647401013,29.0845419813664,16.0376762887636
38.7431111111,28.1268309004302,27.4017235740994
27.4951111111,38.6650027431179,40.6250099768047
48.005787037,39.2143176443462,18.3133533169196
43.9375,35.6351142018792,18.8958993982835
36.9439878893,32.311660922231,12.5387843373851
27.8220155709,27.5057850880705,1.13661960264394
37.9258494031,30.8225756398755,18.7293729079774
27.4357208448,26.42851689122,3.67114084327367
32.4847721067,33.5940950831114,3.41490151991123
23.6252888049,27.952157811661,18.3145655593577
31.0361842105,34.0242402035718,9.6276525902978
22.5164473684,31.6408613447058,40.5233286895479
44.0060147026,42.7580206426521,2.83596246645385
30.5379817331,38.1956975901561,25.0760378468494
45.2588549788,41.4734260085303,8.36395214161484
38.211628425,39.1255154600578,2.39164639856041
43.0663844954,37.3613393971606,13.2470955365403
38.3682334596,29.1876150889483,23.9276545799756
37.7587890625,33.2187355747719,12.0238323326874
27.4609375,25.0213242068694,8.88394029930915
40.2341311134,41.060344052069,2.05351256707972
27.4323621228,33.196464737241,21.012053532387
32.074985122,34.0386575108285,6.12213031856289
19.5239039873,25.3100918213523,29.6364284408289
37.4378698225,32.4335745847908,13.3669336995815
28.2863905325,28.4096733786776,0.435838026191258
43.2315016862,35.9615216857503,16.8163947975241
34.1668319778,30.7820722768391,9.90656582723315
37.0621718126,30.5753229971191,17.5026138464869
33.961352657,27.1003395677385,20.2024140750687
40.4391891892,31.5201022907665,22.0555532325448
30.8108108108,36.9765606101772,20.011644085705
31.5632653061,31.5207412695597,0.134726353968458
27.9765306122,25.3379516858833,9.43140149467307
34.9379488653,33.1626407865403,5.08131741105992
29.0812984774,33.6551725399743,15.7278880313023
63.0936418685,36.9124950271727,41.4956976106945
34.9675605536,33.1674691280412,5.14788963559393
46.2162162162,34.5092192357654,25.330929138961
33.3783783784,27.8141300923695,16.6702175370846
27.7872189349,34.3999649517208,23.7977972258151
23.6274556213,25.0650912875548,6.08459789025603
46.1718896603,40.3272490518935,12.6584392612198
31.1330455995,27.987973911225,10.1020366871062
51.6796613945,43.8223285131043,15.2039171104784
36.0191579416,30.7625135013926,14.5940236824256
36.9375117283,29.0950633771516,21.2316639215842
25.0647401013,26.1431394874397,4.30245588735935
38.3505256893,38.2786667186403,0.187374147728427
30.2620511803,30.0975002696353,0.543753328828606
26.4438657407,29.4059749438234,11.2014984199696
23.7316743827,26.2669265289473,10.682988925954
56.6305555556,32.2630883751237,43.0288330061538
43.9375,33.0883887512653,24.6921450895811
46.0659602076,42.7786495335264,7.13609498045643
30.7106401384,35.5433424790032,15.7362474986657
25.8398306973,31.3431464122462,21.2978009779346
21.924704834,28.7980144078396,31.3496105232885
42.9525887721,36.1804237138413,15.7666051147482
23.4286847848,24.5357929239858,4.72543870624809
36.0191579416,35.3826606471095,1.7671076473317
26.1530407663,25.7390439468006,1.58297776231383
68.618441358,44.9305493094733,34.5211747450527
29.2916666667,26.4397472629886,9.7362824593166
35.3544755114,38.4045624868874,8.62715945115324
27.1754550572,33.3721299454341,22.8024696373661
36.1757629762,34.8421009459659,3.68661755969462
28.9719313878,29.4532613967249,1.66136666031035
29.0223306436,34.4333833176328,18.6444456872937
23.7455432539,29.4986102522884,24.2279864346482
62.3804012346,44.5121157342359,28.6440695262044
48.1413966049,36.7803913095489,23.5992432637377
46.6407254362,37.8489029099777,18.8500981577756
25.8218549128,26.499053188301,2.62257795881779
35.5613965483,40.9094027642874,15.0387969401698
29.9831382662,32.2264274086063,7.48183569875058
33.1219450743,33.6780923689103,1.67909008170485
23.3801965231,29.0325534890496,24.1758317145238
45.7286700824,38.9321678391121,14.8626719977665
31.1644018712,30.913176403828,0.806129597514156
49.7729492188,43.8957219702501,11.8080751508492
40.6765136719,28.5527594600231,29.8052933190589
41.9605142332,40.5025411180986,3.47463119016741
37.1189164371,30.8678284193874,16.8407071588563
37.1027777778,38.2796930524586,3.17204086903377
26.3625,31.0655832457356,17.8400502446111
41.3149678604,29.6673236045719,28.1923110655309
24.2079889807,24.966132725764,3.13179151588524
34.4326530612,33.7377436809334,2.01816972694925
28.693877551,28.3029079626807,1.36255404179654
31.0011259148,31.9411641418319,3.03227124593925
26.3839369488,29.2351155320182,10.8064940753578
52.7678738975,43.1440489818189,18.2380380425694
44.7207731282,43.6799083862434,2.3274748380865
53.2449704142,39.8109468843367,25.2305962898621
33.2781065089,29.5646906266513,11.1587354925244
37.6532434041,33.6587946255911,10.6085118236427
28.8674866098,29.4315844849585,1.9540941779358
27.365916955,25.8309176578402,5.60916449349724
23.5650951557,31.9937535899907,35.767555270202
50.853587963,44.1303169931044,13.2208389598534
38.6487268519,36.9017776312209,4.5200692570633
27.4540186445,30.4582668435065,10.9428358664292
23.9115646259,25.4208716706188,6.3120379963927
36.1459936198,38.6440282815208,6.91095861963643
19.7879527116,29.0116722571619,46.6128036588384
45.4578287197,31.5201022907665,30.660783459051
25.9976211073,26.3727312827855,1.44286346022704
37.2719982179,38.3255815462692,2.82674226965168
35.0795277345,34.6547437437812,1.21091707372398
46.5119628906,39.1809188339181,15.761631204267
27.2893066406,31.343920917126,14.8578867536843
39.9928888889,38.792326603666,3.00193939119816
31.2444444444,38.6477564102094,23.6948107014151
48.2770061728,31.5201022907665,34.7099068696488
29.8341049383,30.573884859693,2.47964510054161
36.0191579416,34.872076384095,3.1846429041035
28.0323011807,30.7048217032922,9.53371792549164
48.7795918367,32.1647353990893,34.0610813088237
32.9979591837,33.1528072185452,0.469265489975186
37.7302631579,35.3982920711103,6.18063827710523
23.7335526316,24.947235628368,5.11378559968323
34.7663176654,34.9913607741534,0.647302112692146
23.4907551793,28.0730561957463,19.5068271814616
41.5547006943,36.2301624473909,12.8133235420932
36.9375117283,31.8787299125595,13.6955132575015
40.4328994083,35.5293385914711,12.1276507215367
35.441183432,33.5640832808745,5.29638112882727
28.4069387755,31.8830825642903,12.2369531481807
23.5289795918,31.9912145211733,35.9651590344464
31.3210069058,36.4807938919688,16.4738860461517
21.2982846959,25.3710444079803,19.1224775620748
43.9287839714,35.9875434599185,18.0775332106886
25.1021622694,25.1369111377418,0.138429781342622
31.8682484568,36.5879867317703,14.8101590251133
23.8672839506,25.1005703643454,5.1672675294685
39.4540816327,42.6580382866097,8.12072292985328
35.0065306122,28.8927868117563,17.464580732582
40.3466483012,33.4781713847747,17.0236617058003
28.7268135904,26.0035568258662,9.479842781602
33.8332466181,29.5543535356412,12.6470070423856
25.9693028096,25.6906627131273,1.07295948033574
31.3187716263,28.7617538714067,8.1644892890564
23.7171280277,31.5201022907665,32.9001650366484
34.5389266818,34.8363903896064,0.861241898298903
22.1403376165,25.8201122472164,16.6202281756267
35.4379332073,39.6650760725645,11.9282996571418
23.6252888049,23.4064202138129,0.926416573759317
45.9970703125,49.0312389935082,6.59643899142777
44.2807617188,41.3923892037969,6.52286095109516
43.0408163265,43.9449264065946,2.10058766831042
30.1285714286,34.4396729408563,14.3090140283383
44.7655227137,40.8498133790211,8.74715427701359
33.6090061496,29.2920248854848,12.8447156244356
25.7658179012,29.2964120360824,13.7026278320393
21.5619212963,27.2869789103909,26.5517044395914
28.4780092593,26.1468063463867,8.18597568280515
26.5794753086,29.9386060816694,12.638062768615
50.9743652344,35.8985268110088,29.5753333152196
28.1474609375,30.0901640716861,6.90187700588616
36.1542857143,41.9899857736203,16.1411017920128
31.4197959184,37.3249110003445,18.7942502786479
32.2806122449,32.0605353176908,0.681761936668251
27.2591836735,30.3166080352444,11.216125905915
35.1822773186,35.6446160293132,1.31412388836117
29.8565197429,30.8746797813213,3.41017656173212
32.2806122449,31.20481062701,3.33265555723765
26.3983673469,29.8696637502904,13.1496632264193
33.6351351351,39.8039310607677,18.3403334069862
22.2094594595,30.4195967759511,36.9668488844705
29.7042253521,26.2173118438414,11.7387794730425
26.9150962111,21.8046810485627,18.9871703316807
35.5890861275,30.1628692302984,15.2468565159607
30.0427350427,28.3135589640432,5.75572122910616
46.5122873346,40.5695088638681,12.7767925666196
40.6059651334,34.7235646426866,14.4865427318089
34.006987369,29.3557880498152,13.6771871871977
28.1502284332,33.2083054237195,17.9681561111386
36.5764828304,41.5858686861866,13.6956466782616
30.1755983351,35.6881371972383,18.2682006862683
53.0836734694,32.8263885245399,38.1610457997738
38.7367346939,30.643871834171,20.8919593344129
53.0836734694,33.0541262070151,37.7320293666769
43.0408163265,31.1612292715068,27.6007475436264
38.7689940828,36.1371155242948,6.78861709149385
28.7855621302,28.917988339184,0.460043852487658
34.4531075963,30.8706974068678,10.3979305188044
26.6228558699,29.4696413419287,10.6930131235368
35.5613965483,33.6905300094926,5.26094788281548
32.074985122,27.1158773348147,15.4609823459712
28.2426538108,38.2889881883508,35.5714956705275
21.7871900826,27.4630163463421,26.0512082660674
37.021412037,30.6185923974199,17.2949093167516
23.0536265432,28.0999078793416,21.8893167488656
31.1902006173,27.7549590122629,11.0138490200403
28.4780092593,22.6399337764017,20.5002935062667
45.6098615917,32.9751738061834,27.7016578094941
39.5285467128,32.9519983168389,16.6374656871245
34.951625907,34.875427253655,0.218011755870109
31.7398548777,34.7269639189418,9.41122463461703
35.5613965483,44.3081543979177,24.5962158368492
25.7994445547,29.1119579624693,12.8394756745484
33.891184573,28.7884680379997,15.0561764048385
29.0495867769,28.4831656506958,1.94984228365897
26.82773448,28.6706087728318,6.86928780440128
20.9709755442,27.2299298903801,29.8457948844023
43.4533727493,33.9650255762497,21.8356978359134
40.6194571352,31.6736370849695,22.0234850024085
27.8220155709,26.8853898279214,3.36649133342535
24.0211937716,27.5088772486394,14.5191929685145
30.6634527089,32.628580707683,6.40869773354853
23.4010560147,26.13177038808,11.6691929272962
39.4540816327,31.5201022907665,20.1094006338693
24.6767346939,26.7445386146788,8.37956863591824
42.8783783784,34.2932619498148,20.0220175138665
36.972972973,30.916386368467,16.3811187403185
25.3285462333,32.3777836521088,27.8311962869034
21.0776014109,28.9322601124782,37.265429535622
42.8208359588,38.1293581955039,10.9560629965515
25.9878176854,28.0468931981514,7.9232336384605
40.3466483012,31.771169127743,21.2545020082918
27.7584940312,29.575049578356,6.54414301119588
30.3415274911,38.7312817655167,27.6510609984209
22.5582660912,28.3369578176333,25.6167371333898
41.1535812672,38.9243603976806,5.41683323996914
23.0782828283,27.4709144080537,19.033615336264
37.7587890625,23.4743177292492,37.8308512744053
29.5205078125,21.4701260596064,27.2704717819413
40.8308080808,38.2179098542534,6.39933018561851
26.6287878788,28.3903897591137,6.61540393175824
36.2586788336,30.3165464755819,16.388165672798
23.7075976989,27.0698188037833,14.1820404900801
45.4578287197,38.3826676377062,15.5642301475073
37.7041522491,33.291778386246,11.7026205328866
35.8673469388,32.5317254758752,9.29988345281386
21.5204081633,25.2287719874775,17.2318470729639
40.4423725451,35.2559576299905,12.8242103237781
29.9831382662,28.9769128241334,3.35597105657522
52.3663265306,50.8217535233373,2.94955386332118
35.5804081633,32.6012074650402,8.37314930336507
37.5500125976,43.4965943734973,15.8364308412439
32.4134542706,37.3235523050841,15.1483331381244
28.5021162843,34.6421294501378,21.5423062083988
26.3096458008,33.0903397914541,25.7726540372046
27.7294444444,31.7759698709924,14.5928831524413
21.6758333333,29.2439995568692,34.9152261285495
28.4069387755,26.0432664001408,8.32075710107061
21.5204081633,24.4307269359059,13.5235296213807
32.1394675926,39.0022087890888,21.353002120262
27.1219135802,30.9974694172414,14.2893893735828
50.2142857143,33.7551452262613,32.777804670338
25.8244897959,31.5201022907665,22.0550823651539
34.9675605536,37.612709410428,7.56457932709772
23.5650951557,26.2949394016524,11.5842699887936
36.9375117283,25.7323173232304,30.3355420567884
26.3839369488,31.9963353699957,21.2720278709238
46.0693131695,46.6366708041274,1.23153048221048
26.5784499055,26.7950396702989,0.81490743654722
51.6796613945,40.798128631135,21.0557354087522
31.3210069058,34.8400923148479,11.2355436708398
38.0082179931,27.4779621712059,27.7052079205759
31.0147058824,27.4296674564099,11.5591566129425
37.7432888889,27.7924654977371,26.3644840820678
27.4951111111,27.7924543917985,1.08144054954722
34.864114263,30.0384180880092,13.8414420586962
27.0545526681,28.4656592328317,5.21578228271922
39.1512586322,35.2640147794848,9.92878387188842
33.6700824237,31.6035937999892,6.13746232547451
38.3063265306,39.7302522410719,3.71720767673829
36.1542857143,47.5359480291008,31.4808108912494
36.5764828304,26.6077851683138,27.254391047684
21.9458896982,31.1593566113857,41.9826538813844
72.6043184183,44.2348776675018,39.0740404549375
47.000780437,39.1335646952918,16.7384789540962
49.3379620942,36.2297355638114,26.5682366559067
32.452242447,31.5201022907665,2.8723443618907
42.7623668639,35.8115144851891,16.254601623978
33.2781065089,33.6019332351316,0.973092402793377
41.6238347191,37.9251510469981,8.88597530011976
29.5794910557,27.8095047532565,5.98382946856829
44.2974165091,32.6111931487969,26.3812752102652
30.1222432262,28.5233469265764,5.30802532738629
40.4328994083,34.9865917929894,13.4699902678574
33.7772781065,29.0725632888474,13.9286380708907
36.7281632653,36.1992520283478,1.44006993524749
29.5546938776,38.3250780762564,29.6750974142338
46.1718896603,30.6687204762522,33.5770731891398
40.2355038469,30.2126555038354,24.9104581396632
31.4776119403,33.9920343298468,7.98797060690506
26.3096458008,27.1488584706061,3.18975282358451
47.4633487654,36.1136449137053,23.9125644248019
29.1560570988,26.9300903857274,7.63466303255462
39.1017751479,31.0845213331819,20.5035545941158
33.610887574,32.7322855112075,2.61404005133192
32.0949707031,33.8332477702545,5.41604191894963
24.5432128906,26.9757686315584,9.91131744568806
56.5491898148,39.5660198807641,30.0325610139707
43.1238425926,33.6460332702425,21.9781187216927
45.6098615917,33.075267794174,27.4822009102677
41.8090397924,29.285070864403,29.9551699588987
36.6145833333,30.4216364929872,16.9138804173704
31.1902006173,30.7546291182111,1.39650111403037
33.1906367784,28.6348445733705,13.7261367880545
26.2178139258,24.0904728425696,8.114105505711
37.3574879227,37.4520961912541,0.253251152084584
25.1018693552,27.7477728740051,10.540663252464
34.1100591716,31.4807975917115,7.70817067968507
30.7822485207,33.5393392484255,8.9567554685664
42.9923555556,36.4371628205501,15.2473449066367
28.7448888889,23.9289820001002,16.7539589643691
45.4786809494,37.3896514029346,17.7864207527596
30.7128754463,29.7568799873224,3.11268627598583
33.2781065089,37.3110841686725,12.1190118154526
24.6257988166,31.5201022907665,27.9962632908343
40.8481445312,34.9639869203628,14.4049568918433
37.7587890625,30.8281793689977,18.3549575226855
36.6347566575,37.5735042186849,2.56245065297225
26.9515610652,37.490754152394,39.1042027647232
39.2837837838,31.5201022907665,19.7630695041019
29.7837837838,34.8473899056845,17.0012183765539
34.4978027344,33.8992671787726,1.73499616840977
29.1772460938,27.9608810943137,4.1688821336184
34.576122449,34.6943775217278,0.342013691391293
27.2591836735,29.4210595886095,7.93081678821939
38.9669942051,41.505646066492,6.51487730367394
32.7676996725,32.4667672655908,0.918381241029721
28.1260813149,37.9258536167282,34.8422952778591
21.2846020761,29.5929069959581,39.0343445940542
44.2199265381,41.5249568762209,6.09446888057832
32.9228650138,35.8554922055271,8.9075698317806
36.7162162162,36.2053313402277,1.3914420619053
30.5540540541,30.3827085159997,0.560794773082848
22.6713249127,28.5256371593734,25.8225413345558
20.593120129,27.4842818238107,33.4634171589487
31.8215400624,26.716866227281,16.0415675203308
26.1521852237,29.364145039396,12.2818027947631
32.9117238643,29.9376971177757,9.0363748759763
29.5647688951,30.0573156058109,1.66599208828091
35.7059478726,32.8846144870885,7.90157817845394
29.4417464914,31.1021504252596,5.63962445075943
32.4847721067,26.5827907460053,18.1684554883407
25.1018693552,22.67994467532,9.64838373433046
26.6228558699,26.2343144455405,1.45942804279982
22.0813098686,24.2332832519018,9.74567811469346
29.6464100346,28.0190352793906,5.48928100673946
27.0618512111,31.5201022907665,16.4743019422036
39.54375,42.4314662784108,7.30258581548487
26.3625,34.8161832196566,32.0670771727135
52.3060815326,31.5201022907665,39.7391252274911
31.9474270439,25.5014869774988,20.1767111246349
32.9979591837,27.9582279463368,15.2728573585626
25.8244897959,26.6534056158337,3.20980521390709
34.5519848771,26.669338983283,22.8138728407507
24.6588951901,28.5557970417752,15.8032297133885
46.8249053241,40.3085416197491,13.9164482218334
33.6700824237,37.7840819010719,12.2185607555154
27.3167401806,26.3658062445376,3.48113987897333
25.1018693552,26.7343392825973,6.50337990488793
45.6168888889,43.9747988889697,3.59974132372247
35.6186666667,37.8964462866008,6.39490422596391
44.7511574074,47.5054450800432,6.15467360445912
23.7316743827,31.5201022907665,32.8187037394384
39.3267746914,43.2126018661354,9.88086921754394
28.7492283951,31.4545960642267,9.41022705704268
39.7776787703,40.3869342418008,1.53165164568553
34.9229226999,35.0356447434256,0.322773796724417
26.2539500144,28.6689144244581,9.19848026195494
22.2148807814,26.7148311868629,20.2564688496127
30.4175593363,35.2996352409934,16.0501894669346
24.5112371351,33.0257162127814,34.7370433844349
38.834068473,32.9839778447577,15.0643258825937
31.8941398866,33.5628863785595,5.23214138362954
25.1021622694,34.6109801429742,37.8804732896083
20.9184685578,25.5591644886317,22.1846829657198
39.0478079746,37.9585082434174,2.78965654587108
24.4048799841,28.3826994453179,16.2992789303184
39.3267746914,32.8331574402942,16.5119496883781
29.1560570988,29.0294523105751,0.434231514212919
49.7607645453,31.5201022907665,36.6567162325812
34.5519848771,38.6065434427894,11.7346617860343
37.5852082869,31.2554272574798,16.8411492656977
31.1644018712,29.038130285101,6.82275756450167
24.4772923875,29.6834046899777,21.2691510975141
24.0211937716,29.1552705161234,21.3731123995734
48.7087427564,41.0865863335969,15.6484359715928
35.4245401864,30.8653936868706,12.870023084392
33.5134773892,32.6493349730126,2.57849224702023
26.3096458008,28.6238133188114,8.79589005314939
35.8708496094,39.781500200869,10.9020294586059
24.5432128906,29.7162700402897,21.0773429409927
37.4455102041,37.9531178267127,1.35559008235149
29.5546938776,33.1299647068388,12.0971336872772
41.3815789474,39.7602323556691,3.9180394585518
30.4276315789,30.7124238876032,0.93596607400981
31.7517089844,26.4164074602335,16.803194835238
24.3715820312,27.6167487384492,13.3153715794683
26.6027832031,29.2092728830168,9.79780822185955
21.7971191406,31.9803283794322,46.7181427653191
46.1718896603,31.2880108493889,32.2358017408777
29.4180896979,38.6265587161141,31.3020631617404
48.5715332031,38.6319288668842,20.4638471976038
29.0056152344,24.2448100047157,16.4133916526552
40.7448096886,39.349125825759,3.42542736978717
35.4236591696,33.0008055859368,6.83964796539836
30.8605335014,34.1397260362285,10.6258452553315
27.3167401806,26.0493357867878,4.6396619268367
40.7656804734,42.3170249976488,3.80551607684082
27.4544378698,31.4421050016489,14.5246722980089
37.3020408163,31.2152171989665,16.3176691787698
32.2806122449,27.0879634637662,16.0859674585453
37.3020408163,32.8034170355833,12.0599937222494
25.5375510204,31.5201022907665,23.4264877849387
41.2426666667,34.0407962674648,17.4621841439999
28.7448888889,29.6361397990181,3.10055437529369
43.5743801653,37.406643072579,14.1545033327465
29.0495867769,30.1497765756015,3.78728209509803
40.0297304107,28.3810712760153,29.1000189488436
33.2990677753,25.9547372041694,22.0556642026428
34.2991180334,34.7931627793705,1.44040072834935
21.107149559,27.836962558556,31.8840446965348
48.8097599683,45.0259973818345,7.75206145025688
38.3505256893,33.0678650786875,13.7746758764415
84.9848888889,45.1326200351776,46.8933587779598
41.8675555556,34.7594203241922,16.9776695512309
41.3314255983,39.012218253924,5.61124449690261
36.7593652445,37.4014402202833,1.74669766877806
30.5502929688,33.6922631525492,10.2845828253038
22.4836425781,25.3548812138061,12.7703445993347
22.6713249127,28.9263712134208,27.5901224335454
19.8374092986,23.7855619414885,19.9025617884848
33.2243441358,28.8697160710186,13.1067389832662
27.7999614198,24.4433763152584,12.0740638947468
58.4404203415,48.5634794545029,16.9008724257639
52.3721148433,44.1521971017171,15.6952182782332
46.2162162162,31.7624716611232,31.274184125031
31.7094594595,27.1051348299206,14.5203504192815
26.8702222222,26.7309366801066,0.518363938123011
24.3706666667,27.1649002742101,11.465560814256
40.6018367347,37.125236802027,8.56266664828431
33.8587755102,26.6346731116984,21.3359824436809
26.6057525952,32.0208882450045,20.3532511641165
22.044766436,27.6973224931263,25.6412608114344
35.0702947846,41.3702469900279,17.9637845764397
32.5905769715,31.9477662643107,1.97238210219913
43.0408163265,39.3802064680912,8.50497311816779
34.5389266818,28.1729337678459,18.4313570963067
66.5562130178,37.4682255544996,43.7043908365415
42.4295857988,33.7571977423306,20.4394831889089
33.9033589792,32.2472889332976,4.88467837926742
29.2861700131,28.0550684744538,4.20369593598451
35.6894923259,43.1404474117566,20.8771674806072
29.7610052285,28.3040222041105,4.89561092847177
40.4225,42.2496788239422,4.52020242177549
29.6822222222,37.3918735487974,25.9739694315447
61.6496786042,38.0515793587091,38.2777327956471
53.7417355372,30.4404841825054,43.3578319006194
44.0201558721,37.6508877349197,14.4689813359274
32.6844934157,34.0956869422584,4.31762398336742
43.2615384615,33.9242633462364,21.5833173005929
26.6224852071,27.4463156672924,3.09449119337924
27.3167401806,30.4041649498375,11.3023177320043
24.9542113001,28.7722527997886,15.3001890293095
38.0082179931,40.6029204372724,6.82668796691139
26.6057525952,34.3176944414365,28.9859939824737
48.1765654394,40.2676170658453,16.4165882341761
43.2644450417,35.8340306061032,17.1744129121154
38.665,28.7998853384898,25.5143273283595
35.15,29.0835316306217,17.2588004818728
53.5998739761,32.5269541012589,39.3152414579136
26.8737660155,27.7672897738595,3.32489223075077
41.186240258,38.8508439094101,5.67033148439974
28.3391561408,31.4764957967,11.0706883448204
46.0693131695,38.1729892272751,17.1400947810366
34.5519848771,30.6768021591971,11.215514048431
40.4328994083,35.9940709174496,10.9782591795512
32.1133727811,29.4601642166177,8.26200531027316
30.5586072664,32.0388627462876,4.84398869026724
25.0854238754,29.7693288906285,18.6718192943184
60.1057329895,42.8184217777775,28.7615013608476
57.7349732196,47.2534955057295,18.1544688243005
33.9023919753,32.7786107717255,3.31475491284877
26.9863040123,31.5201022907665,16.8003676101776
32.0044224766,40.6425076368868,26.9902860037625
24.6891259105,30.4871630604624,23.4841734412986
44.2199265381,41.8398149019423,5.38244140705885
34.3753443526,31.4056826231059,8.63892939961048
32.8870572511,34.4611349025767,4.78631347115756
21.924704834,26.6531153508675,21.5665868830073
26.5784499055,27.6753024799294,4.12684930208222
22.8869985297,26.6731143865885,16.5426491026131
34.006987369,35.5851494360916,4.64069942440774
28.9059392636,29.5222481597344,2.1321185605288
31.7464818315,30.585226509277,3.65790240438788
22.7393404747,23.5942760849939,3.75972034564991
32.8734211234,37.7391351975331,14.801362036121
21.3488309594,32.1692026589733,50.6836731254787
28.3627322199,29.6690134979028,4.60562567764991
25.7243385251,28.1497049089029,9.428294459103
64.1899414062,47.783515329663,25.5591853133431
47.7133789062,40.9887360824644,14.0938306569225
31.8820861678,31.5201022907665,1.13538328429429
18.9521289997,23.3038314186467,22.9615491695713
33.9033589792,28.906692104026,14.7379699994903
28.4946519047,26.3886243295956,7.39095737034438
44.1930943892,35.9412808388278,18.6721786840724
24.4051416776,28.933471059274,18.5548170196868
36.6145833333,36.9318964695019,0.866630471562175
30.9189814815,32.1517454829533,3.98707830072252
35.5050505051,39.9583656230399,12.5427651970252
25.8218549128,34.0980173020336,32.050998726397
41.1396548304,41.9442124599196,1.95567423410922
29.285855981,31.4318974261711,7.32791094295964
31.3258101852,29.7715264614271,4.96167126910329
24.4097222222,32.1876903844575,31.8642223432745
32.573847182,40.6661030265673,24.8428004200836
21.4548897305,28.1795883006751,31.3434310529937
24.7813581315,29.794797873256,20.2306900015433
23.5650951557,25.5200369229006,8.2959213798368
39.0555555556,24.8198659141259,36.4498454546575
25.3376951331,23.3349891196371,7.90405758275407
38.6169433594,34.499484298985,10.6623121931082
28.3190917969,29.3192866599208,3.53187478678355
24.6293252595,25.9483590231298,5.35554161444607
22.8049307958,25.1181533439846,10.1435192629948
46.0693131695,44.8227248418,2.70589735756099
37.5051459777,30.8678340933406,17.6970698589091
42.8208359588,47.5212450578459,10.9769204495876
35.4379332073,31.5201022907665,11.0554723764942
27.9073724008,24.7860783746625,11.1844783568661
23.6252888049,24.2240952314464,2.53459939258905
28.4069387755,24.4745483591488,13.8430629482074
24.2463265306,26.0848547876515,7.5827084764003
34.7476586889,30.5233232075307,12.1571801979244
25.237773153,31.8674822196648,26.2689938073111
32.2532894737,32.5453471746883,0.905512912803675
24.3421052632,28.943929724159,18.9047923801232
30.4734471758,23.7452480512509,22.0788907987154
23.4817038844,30.5201155033832,29.9740242600502
57.387755102,31.5201022907665,45.0752129356808
27.2591836735,23.424824943802,14.0663006479742
26.6228558699,28.0387001812156,5.31815338757989
21.2982846959,26.6818869547069,25.2771635635205
37.5852082869,40.9796277168491,9.03126411868841
30.6945867677,36.563530682207,19.1204526026814
31.2368164062,28.6624462734002,8.24146129145488
22.6552734375,27.067435365707,19.4752093386955
33.9436686391,30.2913059664123,10.7600704906732
31.1150295858,27.0580649338126,13.0386012997361
23.7075976989,32.841593792794,38.527716767852
22.7314024995,27.4980657652258,20.9695080003561
42.8208359588,45.1790121183515,5.50707641910684
35.4379332073,41.0099106604937,15.723200957007
37.7926998611,28.8967425187116,23.5388246277292
28.8674866098,27.3115557986322,5.38990744916321
36.5764828304,37.3175095145096,2.02596484617079
26.517950052,31.4552117619621,18.6185647845344
20.0857142857,24.4284318439834,21.620926677102
18.6510204082,24.1556028522197,29.5135725742898
41.8675555556,30.0837594003088,28.1454123578874
24.9955555556,25.0020409234411,0.025946084001515
35.7358333333,31.9914296300565,10.4780086372138
28.7058333333,24.5247065760177,14.5654254615629
40.6194571352,34.8740039931033,14.1445837716965
30.2284332169,33.6797816772158,11.4175565619002
40.9320710059,38.3498394619884,6.30857779841971
37.1050887574,33.0814922718689,10.8437861767105
27.3167401806,25.1700378141572,7.85855981442237
24.36357908,26.0563576192155,6.94798795225081
26.6027832031,31.9039280547039,19.9270309844354
22.3120117188,28.2500536839099,26.6136556396057
46.6350156087,39.0474592722071,16.2700842649175
40.2341311134,37.6148707109195,6.51004589883676
28.3190917969,32.2925582374651,14.0310518044229
25.9162597656,28.9160489241125,11.5749308952917
32.0789359862,38.4317917151314,19.8038230808663
27.0618512111,31.9966528494336,18.2352700110534
48.1413966049,33.7994516886725,29.7912938295765
40.9540895062,31.5201022907665,23.0355193563888
33.7153061224,26.9557778516781,20.0488414555161
25.8244897959,30.2440110211673,17.1136826330213
39.1671428571,49.0925923016438,25.3412649494411
30.1285714286,36.9458366177434,22.6272433968509
45.2588549788,37.9528457932867,16.1427176823973
31.9474270439,33.3832217795075,4.49424216114346
38.2418981481,52.8340263140611,38.157436928078
22.2399691358,25.4131864547769,14.2680832855515
40.6828703704,31.3503407258477,22.9397030238615
23.7316743827,26.3416438515739,10.9978311129051
45.1537629758,46.74216842398,3.51776982359432
36.6399221453,35.7922070687517,2.31363776698701
26.4967268399,33.6872135728114,27.1372640717405
22.3130331283,32.902478936978,47.4585671423005
49.9445800781,36.1034915698671,27.7128939448267
40.8481445312,26.5648688635534,34.9667673564388
85.9870605469,31.5201022907665,63.3432029304287
72.0849609375,31.5201022907665,56.2736777812844
36.6380502614,34.7356462692117,5.19242694034015
26.0853432282,23.7300352871126,9.02923883532096
44.3320408163,31.5201022907665,28.8999520203067
28.5504081633,28.3812392972535,0.592526961712425
35.6183148808,45.9557461843468,29.0227972270501
27.7031337962,39.7966664855358,43.6540240476139
35.3040540541,38.7854178338867,9.86108783555523
25.5472972973,30.2432294860683,18.3813267373085
51.6911764706,39.2872372248069,23.9962409306896
42.5692041522,47.9363232654554,12.6079855617362
36.2435555556,27.5280720548152,24.046988125695
30.9944888889,27.0171570745238,12.8323839397158
31.6142011834,29.3799193407718,7.06733606731578
26.289704142,24.0409788303369,8.55363491166329
36.2435555556,32.4067611188882,10.5861424959422
28.7448888889,30.6933637984995,6.77850910167169
27.1216568047,30.2258642004694,11.4454932385674
24.9585798817,27.335101472744,9.52186223057707
47.4671052632,35.7331063151517,24.7202749840854
34.0789473684,28.9028900711052,15.18843067933
34.5647762747,37.9636473722045,9.83333747191742
27.4323621228,29.7894116894361,8.59222241265572
40.4928,42.5615187223769,5.108855703673
34.6188444444,33.5871254182728,2.98022375583392
