Ground Truth Weight,Predicted Weight,Difference Weight,Error,Absolute Weight Error Percentage
172,149.369489571966,22.630510428034,0.131572735046709,13.1572735046709
103,141.256196426257,38.256196426257,0.371419382779194,37.1419382779194
132,87.5345347031905,44.4654652968095,0.33685958558189,33.685958558189
89,90.2838565268268,1.2838565268268,0.014425354234009,1.44253542340089
88,84.0119507905991,3.9880492094009,0.045318741015919,4.53187410159193
51,82.7015056197273,31.7015056197273,0.621598149406418,62.1598149406418
128,112.748418587861,15.251581412139,0.119152979782336,11.9152979782336
109,87.3386054597463,21.6613945402537,0.198728390277557,19.8728390277557
154,135.371283428988,18.628716571012,0.120965692019558,12.0965692019559
82,88.7806596386544,6.7806596386544,0.082690971203103,8.26909712031024
69,64.7482870235525,4.25171297644749,0.061619028644167,6.16190286441666
57,60.5039944332973,3.5039944332973,0.061473586549076,6.14735865490755
76,91.4143762606282,15.4143762606282,0.202820740271424,20.2820740271424
56,70.5320737170903,14.5320737170903,0.259501316376612,25.9501316376612
109,95.9632801013222,13.0367198986778,0.119602934850255,11.9602934850255
79,77.1123044165259,1.8876955834741,0.02389488080347,2.38948808034696
93,84.6663974711158,8.3336025288842,0.089608629342841,8.96086293428409
73,80.385191436344,7.385191436344,0.101167005977315,10.1167005977315
67,61.6384009936323,5.3615990063677,0.080023865766682,8.0023865766682
49,60.4521983668866,11.4521983668866,0.233718334018094,23.3718334018094
110,103.60242792972,6.39757207028001,0.058159746093455,5.81597460934546
81,98.7035411859197,17.7035411859197,0.218562236863206,21.8562236863206
126,102.691024688855,23.308975311145,0.18499186754877,18.499186754877
95,103.425558147466,8.42555814746601,0.0886900857628,8.86900857628001
192,132.827212185916,59.172787814084,0.308191603198354,30.8191603198354
151,123.038797655246,27.961202344754,0.185173525461947,18.5173525461947
83,113.127168886038,30.127168886038,0.362977938386,36.2977938386
68,82.8828360428316,14.8828360428316,0.218865235923994,21.8865235923994
76,75.8165451196736,0.183454880326394,0.002413880004295,0.241388000429466
68,91.3549495863411,23.3549495863411,0.343455140975604,34.3455140975605
81,95.6298802385302,14.6298802385302,0.180615805413953,18.0615805413953
58,69.0463747735213,11.0463747735213,0.190454737474505,19.0454737474505
102,104.328055417298,2.328055417298,0.022824072718608,2.28240727186079
73,82.816218685339,9.816218685339,0.134468749114233,13.4468749114233
115,75.4729976483127,39.5270023516873,0.343713063927716,34.3713063927716
72,82.7476114222924,10.7476114222924,0.149272380865172,14.9272380865172
101,88.0736687972286,12.9263312027714,0.127983477255162,12.7983477255162
75,98.4756737910303,23.4756737910303,0.313008983880404,31.3008983880404
89,74.1538518216504,14.8461481783496,0.166810653689321,16.6810653689321
82,78.8714890907244,3.1285109092756,0.038152572064337,3.81525720643366
134,110.559400674891,23.440599325109,0.174929845709769,17.4929845709769
91,80.5771729973823,10.4228270026177,0.114536560468326,11.4536560468326
131,114.697268936988,16.302731063012,0.124448328725282,12.4448328725282
116,86.787386403578,29.212613596422,0.251832875831224,25.1832875831224
118,120.765594957698,2.765594957698,0.02343724540422,2.34372454042203
68,88.2229259127031,20.2229259127031,0.297395969304457,29.7395969304457
120,101.026079515517,18.973920484483,0.158116004037358,15.8116004037358
88,100.814630125053,12.814630125053,0.145620796875602,14.5620796875602
117,110.310512751931,6.689487248069,0.057175104684351,5.71751046843504
91,86.4852184412818,4.5147815587182,0.049612984161739,4.96129841617384
111,101.431814707556,9.568185292444,0.086199867499496,8.61998674994955
89,77.292654850719,11.707345149281,0.131543203924506,13.1543203924506
111,86.2841795596838,24.7158204403162,0.222665049011858,22.2665049011858
92,83.4810451147105,8.5189548852895,0.092597335709669,9.25973357096685
94,79.2429087026249,14.7570912973751,0.156990332950799,15.6990332950799
71,71.247664084657,0.247664084657004,0.003488226544465,0.348822654446484
115,125.502593300535,10.502593300535,0.091326898265522,9.13268982655217
84,87.2510435090588,3.2510435090588,0.038702898917367,3.87028989173667
131,97.7962239138288,33.2037760861712,0.253463939589093,25.3463939589093
101,88.0590964195777,12.9409035804223,0.128127758222003,12.8127758222003
102,102.993724473709,0.993724473708994,0.009742396801069,0.974239680106857
64,68.8926021466391,4.89260214663911,0.076446908541236,7.6446908541236
93,110.362409905362,17.362409905362,0.186692579627548,18.6692579627548
56,76.0411047832945,20.0411047832945,0.357876871130259,35.7876871130259
107,98.8122431654667,8.1877568345333,0.076521091911526,7.65210919115262
74,78.4663285016572,4.4663285016572,0.060355790562935,6.03557905629352
100,100.362929979743,0.362929979743001,0.00362929979743,0.362929979743001
92,119.802464187242,27.802464187242,0.302200697687413,30.2200697687413
163,149.385493761519,13.614506238481,0.08352457815019,8.35245781501902
101,134.267021316818,33.267021316818,0.329376448681366,32.9376448681366
134,95.9511106542924,38.0488893457076,0.283946935415728,28.3946935415728
87,64.8106341413637,22.1893658586363,0.255050182283176,25.5050182283176
150,110.367806806364,39.632193193636,0.264214621290907,26.4214621290907
90,86.2087807648214,3.7912192351786,0.042124658168651,4.21246581686511
121,110.164407849424,10.835592150576,0.089550348351868,8.95503483518678
85,85.9722699094889,0.972269909488901,0.011438469523399,1.14384695233988
77,91.8812902816929,14.8812902816929,0.193263510151856,19.3263510151856
64,76.4662493188984,12.4662493188984,0.194785145607788,19.4785145607788
145,103.773767276032,41.226232723968,0.284318846372193,28.4318846372193
93,90.9035038821684,2.09649611783161,0.022542969008942,2.2542969008942
94,82.8175201243645,11.1824798756355,0.118962551868463,11.8962551868463
77,69.1376070370113,7.86239296298869,0.102108999519334,10.2108999519334
127,135.493187790985,8.49318779098499,0.066875494417205,6.68754944172047
77,84.6918131933132,7.69181319331319,0.099893677835236,9.98936778352363
125,123.032166632413,1.96783336758701,0.015742666940696,1.5742666940696
72,85.3079747523728,13.3079747523728,0.184832982671844,18.4832982671844
147,122.164650311784,24.835349688216,0.168947957062694,16.8947957062694
121,93.8307389558247,27.1692610441753,0.224539347472523,22.4539347472523
81,85.1617118628745,4.1617118628745,0.05137915880092,5.13791588009197
59,82.4170729003882,23.4170729003882,0.396899540684546,39.6899540684546
72,65.2125479456945,6.7874520543055,0.09427016742091,9.42701674209098
63,64.5195439515683,1.5195439515683,0.024119745262989,2.41197452629888
156,123.268142063829,32.731857936171,0.209819602154942,20.9819602154942
102,90.9504134734803,11.0495865265197,0.108329279671762,10.8329279671762
86,104.923321387063,18.923321387063,0.220038620779802,22.0038620779802
63,90.1151857610087,27.1151857610087,0.430399773984265,43.0399773984265
134,122.978969793488,11.021030206512,0.082246494078448,8.22464940784477
101,101.957527972796,0.957527972796001,0.009480474978178,0.948047497817823
129,110.174037971522,18.825962028478,0.14593769014324,14.593769014324
104,99.4886531017795,4.5113468982205,0.043378335559813,4.33783355598125
177,117.94087816599,59.05912183401,0.333667354994407,33.3667354994407
140,89.1129434306219,50.8870565693781,0.363478975495558,36.3478975495558
115,128.662749035763,13.662749035763,0.118806513354461,11.8806513354461
86,112.410346746687,26.410346746687,0.307097055194035,30.7097055194035
99,90.491304434862,8.508695565138,0.085946419849879,8.59464198498788
88,77.065924267402,10.934075732598,0.124250860597705,12.4250860597705
140,107.255505218578,32.744494781422,0.233889248438729,23.3889248438729
98,94.2021284160768,3.7978715839232,0.038753791672686,3.87537916726857
96,87.3411913639134,8.6588086360866,0.090195923292569,9.01959232925688
68,69.2454063415308,1.2454063415308,0.018314799140159,1.83147991401588
114,114.67311379967,0.673113799670006,0.005904507014649,0.590450701464917
91,103.800462295261,12.800462295261,0.140664420827044,14.0664420827044
114,111.170300807682,2.829699192318,0.024821922739632,2.48219227396316
88,100.856942228476,12.856942228476,0.146101616232682,14.6101616232682
125,108.36636923133,16.63363076867,0.13306904614936,13.306904614936
92,84.6643959266929,7.3356040733071,0.079734826883773,7.97348268837728
118,93.4966568823146,24.5033431176854,0.207655450149876,20.7655450149876
88,78.4182832072746,9.5817167927254,0.10888314537188,10.888314537188
110,80.4440925329255,29.5559074670745,0.268690067882495,26.8690067882495
85,85.0246538641588,0.024653864158793,0.000290045460692,0.029004546069169
125,125.026791353195,0.026791353194994,0.00021433082556,0.021433082555996
79,118.8807490994,39.8807490994,0.504819608853165,50.4819608853165
115,73.0396391977847,41.9603608022153,0.364872702627959,36.4872702627959
87,70.1021202162584,16.8978797837416,0.194228503261398,19.4228503261398
92,89.0923068076645,2.9076931923355,0.031605360786256,3.16053607862554
74,76.6001266264212,2.6001266264212,0.035136846302989,3.51368463029892
140,96.0612577411157,43.9387422588843,0.313848158992031,31.3848158992031
107,96.933937496419,10.066062503581,0.094075350500757,9.4075350500757
140,107.535668216664,32.464331783336,0.231888084166686,23.1888084166686
93,84.6973020534651,8.30269794653491,0.089276322005752,8.92763220057517
99,90.9504134734803,8.0495865265197,0.08130895481333,8.13089548133303
85,80.3090559032402,4.69094409675979,0.055187577608939,5.51875776089387
158,138.58434319155,19.41565680845,0.122883903850949,12.2883903850949
84,84.4165489347158,0.416548934715806,0.004958915889474,0.495891588947388
122,92.8166777167989,29.1833222832011,0.23920755969837,23.920755969837
79,71.7570684416619,7.2429315583381,0.091682677953647,9.16826779536468
79,83.7139050094524,4.7139050094524,0.059669683663955,5.96696836639545
71,69.8582618544879,1.14173814551209,0.016080818950875,1.60808189508746
93,108.193953423996,15.193953423996,0.163375843268774,16.3375843268774
77,91.4010201751535,14.4010201751535,0.187026236040955,18.7026236040955
75,93.7768088173521,18.7768088173521,0.250357450898028,25.0357450898028
63,87.127217986329,24.127217986329,0.382971714068714,38.2971714068714
123,133.498813690432,10.498813690432,0.085356208865301,8.53562088653008
100,79.0194113917497,20.9805886082503,0.209805886082503,20.9805886082503
77,88.0919152083233,11.0919152083233,0.144050846861342,14.4050846861342
62,68.3341217292617,6.3341217292617,0.102163253697769,10.2163253697769
118,117.658437265474,0.341562734525993,0.002894599445136,0.289459944513554
72,78.2282544355972,6.22825443559719,0.086503533827739,8.65035338277388
123,81.5315340721373,41.4684659278627,0.337141999413518,33.7141999413518
98,83.7348782516976,14.2651217483024,0.145562466819412,14.5562466819412
90,74.497894880445,15.502105119555,0.1722456124395,17.22456124395
69,66.5621627573896,2.4378372426104,0.035330974530586,3.53309745305855
137,129.187362282828,7.81263771717201,0.057026552680088,5.70265526800877
80,99.031569278552,19.031569278552,0.2378946159819,23.78946159819
136,109.663065596244,26.336934403756,0.193653929439382,19.3653929439382
91,100.373153033803,9.37315303380301,0.103001681690143,10.3001681690143
95,109.324706194302,14.324706194302,0.150786380992653,15.0786380992653
80,105.547247506315,25.547247506315,0.319340593828938,31.9340593828938
100,109.881706157962,9.881706157962,0.09881706157962,9.881706157962
78,83.2525542022738,5.2525542022738,0.06734043849069,6.73404384906897
99,90.9504134734803,8.0495865265197,0.08130895481333,8.13089548133303
54,72.7557618512575,18.7557618512575,0.347328923171435,34.7328923171435
102,110.581904238335,8.581904238335,0.084136316062108,8.41363160621078
82,99.5642386707073,17.5642386707073,0.214198032569601,21.4198032569601
111,117.86774566079,6.86774566079001,0.06187158252964,6.18715825296397
88,81.6361701833126,6.3638298166874,0.072316247916902,7.23162479169023
147,108.34283778586,38.65716221414,0.262973892613197,26.2973892613197
95,84.5631890185459,10.4368109814541,0.109861168225833,10.9861168225833
94,72.2190656374795,21.7809343625205,0.231712067686388,23.1712067686388
80,77.90893600717,2.09106399283,0.026138299910375,2.6138299910375
98,111.819726800171,13.819726800171,0.141017620409908,14.1017620409908
82,92.5052495428507,10.5052495428507,0.128112799303057,12.8112799303057
145,130.407259132596,14.592740867404,0.100639592188993,10.0639592188993
124,90.9504134734803,33.0495865265197,0.266528923600965,26.6528923600965
85,85.4528546875383,0.452854687538306,0.005327702206333,0.532770220633301
58,85.5697798820454,27.5697798820454,0.475341032449059,47.5341032449059
126,84.6156480376003,41.3843519623997,0.328447237796823,32.8447237796823
101,90.9504134734803,10.0495865265197,0.099500856698215,9.95008566982149
133,97.8625779317684,35.1374220682316,0.264191143370162,26.4191143370162
112,96.0911984300662,15.9088015699338,0.142042871160123,14.2042871160123
87,74.8954721885225,12.1045278114775,0.139132503580201,13.9132503580201
61,70.0080801750674,9.00808017506741,0.147673445492908,14.7673445492908
127,81.3024080246934,45.6975919753066,0.359823558860682,35.9823558860682
91,89.5222204575144,1.47777954248561,0.01623933563171,1.623933563171
121,112.700413607832,8.299586392168,0.068591623075769,6.85916230757686
85,86.3222631540799,1.32226315407991,0.015556037106823,1.55560371068224
122,92.4027914008507,29.5972085991493,0.24260007048483,24.260007048483
93,80.1236668593007,12.8763331406993,0.138455195061283,13.8455195061283
125,113.862393215936,11.137606784064,0.089100854272512,8.9100854272512
84,80.6265970272919,3.37340297270811,0.040159559198906,4.0159559198906
112,111.304753282597,0.695246717402995,0.006207559976812,0.620755997681245
86,92.4994168944559,6.49941689445591,0.075574615051813,7.55746150518128
131,100.353613239942,30.646386760058,0.233941883664565,23.3941883664565
87,107.163992188942,20.163992188942,0.231770025160253,23.1770025160253
144,101.454977175601,42.545022824399,0.29545154739166,29.545154739166
87,100.999523337866,13.999523337866,0.160914061354782,16.0914061354782
99,85.6020698344184,13.3979301655816,0.135332627935168,13.5332627935168
84,83.7152639589319,0.284736041068101,0.00338971477462,0.338971477462024
135,100.632600907895,34.367399092105,0.254573326608185,25.4573326608185
79,69.6404278653746,9.3595721346254,0.118475596640828,11.8475596640828
73,102.993230470836,29.993230470836,0.41086617083337,41.086617083337
51,80.2448069450117,29.2448069450117,0.573427587157092,57.3427587157092
137,116.214906362468,20.785093637532,0.151716011952788,15.1716011952788
60,79.316318225579,19.316318225579,0.321938637092983,32.1938637092983
94,82.391681263743,11.608318736257,0.123492752513372,12.3492752513372
66,90.9504134734803,24.9504134734803,0.378036567780004,37.8036567780005
119,85.0655563835136,33.9344436164864,0.28516339173518,28.516339173518
93,70.465191756826,22.534808243174,0.242309766055634,24.2309766055634
124,109.505056470947,14.494943529053,0.11689470587946,11.689470587946
87,93.4670754277963,6.4670754277963,0.074334200319498,7.43342003194977
144,81.2664632679292,62.7335367320708,0.435649560639381,43.5649560639381
131,84.3867826348182,46.6132173651818,0.355826086757113,35.5826086757113
141,156.349007338969,15.349007338969,0.108858208077794,10.8858208077794
113,131.95111101624,18.95111101624,0.167708947046372,16.7708947046372
76,79.6394002380216,3.63940023802159,0.047886845237126,4.78868452371262
54,73.9682561889093,19.9682561889093,0.369782522016839,36.9782522016839
87,73.4387089421742,13.5612910578258,0.155876908710641,15.5876908710641
64,56.8923343618423,7.1076656381577,0.111057275596214,11.1057275596214
87,97.0882612263375,10.0882612263375,0.115957025590086,11.5957025590086
79,77.3488339222031,1.6511660777969,0.020900836427809,2.09008364278089
84,83.9263746236988,0.073625376301195,0.000876492575014,0.087649257501422
55,79.468628570253,24.468628570253,0.444884155822782,44.4884155822782
119,88.3739344745545,30.6260655254455,0.257361895171811,25.7361895171811
95,90.9504134734803,4.0495865265197,0.042627226594944,4.26272265949443
112,92.455192049778,19.544807950222,0.174507213841268,17.4507213841268
85,89.358118116387,4.358118116387,0.051271977839847,5.12719778398471
137,110.014221159834,26.985778840166,0.196976487884423,19.6976487884423
69,79.5175404811424,10.5175404811424,0.152428122915107,15.2428122915107
103,111.431788121856,8.431788121856,0.081862020600544,8.18620206005437
87,99.0091996788183,12.0091996788183,0.138036777917452,13.8036777917452
103,105.414612455632,2.414612455632,0.023442839375068,2.34428393750679
81,100.9721243409,19.9721243409,0.246569436307407,24.6569436307407
85,111.205326785327,26.205326785327,0.308297962180318,30.8297962180318
66,88.0531471688162,22.0531471688162,0.334138593466912,33.4138593466912
156,142.460630306529,13.539369693471,0.086790831368404,8.67908313684039
89,94.5004865343593,5.5004865343593,0.061803219487183,6.18032194871831
128,100.131441834393,27.868558165607,0.217723110668805,21.7723110668805
103,114.371853240777,11.371853240777,0.110406342143466,11.0406342143466
103,120.248924040367,17.248924040367,0.167465281945311,16.7465281945311
74,79.819281124978,5.81928112497801,0.078638934121324,7.86389341213244
75,94.8021172220976,19.8021172220976,0.264028229627968,26.4028229627968
55,75.2731244963085,20.2731244963085,0.368602263569245,36.8602263569245
118,108.046462098006,9.953537901994,0.084352016118593,8.43520161185932
92,86.602229217507,5.397770782493,0.058671421548837,5.86714215488369
95,89.6740877088549,5.3259122911451,0.056062234643633,5.60622346436327
73,74.5720130039506,1.5720130039506,0.021534424711652,2.15344247116521
79,80.231592475794,1.231592475794,0.015589778174608,1.55897781746076
69,71.7406308092381,2.7406308092381,0.039719287090407,3.97192870904072
119,115.079470462485,3.92052953751499,0.032945626365672,3.29456263656722
95,104.357854316844,9.357854316844,0.09850372965099,9.85037296509895
116,115.123128987214,0.876871012785998,0.007559232868845,0.755923286884481
95,102.619666250623,7.619666250623,0.080207013164453,8.02070131644526
80,75.5010167783648,4.4989832216352,0.05623729027044,5.623729027044
62,69.789411029247,7.78941102924701,0.125635661762048,12.5635661762049
125,112.92260471111,12.07739528889,0.09661916231112,9.661916231112
82,99.5189115826858,17.5189115826858,0.213645263203485,21.3645263203485
76,77.5892095146664,1.58920951466639,0.020910651508768,2.09106515087683
64,68.5488135574166,4.54881355741659,0.071075211834634,7.10752118346343
91,97.9629812800997,6.9629812800997,0.076516277803293,7.65162778032934
58,71.6054291383235,13.6054291383235,0.234576364453853,23.4576364453853
134,122.002714269706,11.997285730294,0.089531983061896,8.95319830618955
94,85.0684460213356,8.9315539786644,0.095016531687919,9.50165316879191
92,88.6824624599494,3.31753754005059,0.036060190652724,3.60601906527239
71,69.7865767434273,1.2134232565727,0.017090468402432,1.70904684024323
96,73.0938772395419,22.9061227604581,0.238605445421439,23.8605445421439
80,76.5952447131653,3.4047552868347,0.042559441085434,4.25594410854338
129,114.46964493043,14.53035506957,0.112638411392016,11.2638411392016
108,93.8259921716559,14.1740078283441,0.131240813225408,13.1240813225408
70,70.0740391884891,0.074039188489095,0.001057702692701,0.105770269270136
62,71.5297640079991,9.52976400799911,0.15370587109676,15.370587109676
101,107.438071351109,6.438071351109,0.06374328070405,6.37432807040495
81,93.9309203621569,12.9309203621569,0.159640992125394,15.9640992125394
123,93.9534407693106,29.0465592306894,0.236150888054385,23.6150888054385
89,75.7195946113897,13.2804053886103,0.149218038074273,14.9218038074273
135,90.9504134734803,44.0495865265197,0.326293233529776,32.6293233529776
103,96.3698817203281,6.63011827967191,0.064370080385164,6.43700803851641
157,120.097493833041,36.902506166959,0.235047809980631,23.5047809980631
104,99.8315650195365,4.1684349804635,0.04008110558138,4.00811055813798
108,101.173213574059,6.826786425941,0.06321098542538,6.32109854253796
77,78.623393522923,1.623393522923,0.021083032765234,2.10830327652337
82,81.2887632005065,0.711236799493506,0.008673619506018,0.867361950601836
68,69.8607715112827,1.86077151128271,0.027364286930628,2.7364286930628
109,127.106984309044,18.106984309044,0.166119122101321,16.6119122101321
87,111.37642254212,24.37642254212,0.280188764851954,28.0188764851954
148,122.944270415179,25.055729584821,0.169295470167709,16.9295470167709
87,97.8085521472134,10.8085521472134,0.124236231577166,12.4236231577166
83,67.5481576985691,15.4518423014309,0.186166774716035,18.6166774716035
74,69.6786162382369,4.3213837617631,0.058397077861664,5.83970778616635
80,90.357370039486,10.357370039486,0.129467125493575,12.9467125493575
65,84.2126643962963,19.2126643962963,0.295579452250712,29.5579452250712
146,89.6441336597679,56.3558663402321,0.385999084522138,38.5999084522138
96,92.6969956019526,3.30300439804741,0.034406295812994,3.44062958129938
103,92.270606773784,10.729393226216,0.104168866273942,10.4168866273942
72,90.4370142616919,18.4370142616919,0.256069642523499,25.6069642523499
100,135.103069542689,35.103069542689,0.35103069542689,35.103069542689
71,97.0359098333799,26.0359098333799,0.366702955399717,36.6702955399717
58,78.4725662774923,20.4725662774923,0.352975280646419,35.2975280646419
53,72.4148212816032,19.4148212816032,0.366317382671758,36.6317382671758
90,97.4387091755577,7.4387091755577,0.082652324172863,8.26523241728634
75,101.294765164464,26.294765164464,0.35059686885952,35.059686885952
80,89.6364486945086,9.6364486945086,0.120455608681358,12.0455608681358
62,66.7827410708706,4.7827410708706,0.077140985014042,7.71409850140419
141,121.550064555176,19.449935444824,0.13794280457322,13.794280457322
101,73.3017218634571,27.6982781365429,0.274240377589534,27.4240377589534
118,143.064421320992,25.064421320992,0.212410350177898,21.2410350177898
68,76.4438267494474,8.4438267494474,0.124173922785991,12.4173922785991
138,114.683237007756,23.316762992244,0.168962050668435,16.8962050668435
100,76.8963126027725,23.1036873972275,0.231036873972275,23.1036873972275
100,122.425099897933,22.425099897933,0.22425099897933,22.425099897933
53,92.5448276219134,39.5448276219134,0.74612882305497,74.612882305497
144,129.763005479945,14.236994520055,0.098868017500382,9.88680175003819
96,120.157540972752,24.157540972752,0.2516410517995,25.16410517995
146,120.382195709169,25.617804290831,0.175464412950897,17.5464412950897
88,90.9504134734803,2.9504134734803,0.033527425835003,3.35274258350034
109,101.648991202507,7.35100879749299,0.067440447683422,6.7440447683422
90,91.6153489449091,1.6153489449091,0.017948321610101,1.79483216101011
148,69.1415741998285,78.8584258001715,0.53282720135251,53.282720135251
74,106.739365897618,32.739365897618,0.442423863481324,44.2423863481324
131,122.90156979996,8.09843020004,0.061820077862901,6.18200778629008
95,85.0845283512377,9.91547164876231,0.104373385776445,10.4373385776445
102,95.0012630820848,6.9987369179152,0.068615067822698,6.8615067822698
83,78.3079808592806,4.6920191407194,0.056530351093005,5.65303510930048
177,123.377590254448,53.622409745552,0.302951467488994,30.2951467488994
104,104.548962056251,0.548962056251,0.005278481310106,0.527848131010577
66,68.9411889009432,2.9411889009432,0.044563468196109,4.45634681961091
54,81.3496734290296,27.3496734290296,0.506475433870918,50.6475433870918
66,77.7328955892275,11.7328955892275,0.177771145291326,17.7771145291326
56,70.6982617680155,14.6982617680155,0.262468960143134,26.2468960143134
97,115.570100476262,18.570100476262,0.191444334806825,19.1444334806825
63,78.132701613384,15.132701613384,0.240201612910857,24.0201612910857
173,110.160275902931,62.839724097069,0.363235399405023,36.3235399405023
135,90.9504134734803,44.0495865265197,0.326293233529776,32.6293233529776
78,90.9504134734803,12.9504134734803,0.166030941967696,16.6030941967696
55,67.9325783903005,12.9325783903005,0.235137788914555,23.5137788914555
129,123.344552771828,5.65544722817199,0.04384067618738,4.38406761873798
93,90.9504134734803,2.0495865265197,0.022038564801287,2.20385648012871
87,81.7040853171462,5.29591468285381,0.060872582561538,6.0872582561538
71,92.7207324975845,21.7207324975845,0.305925809825134,30.5925809825134
99,100.64072666111,1.64072666110999,0.016572996576869,1.65729965768686
70,84.5359815343717,14.5359815343717,0.207656879062453,20.7656879062453
156,132.381085899226,23.618914100774,0.151403295517782,15.1403295517782
123,121.014551475125,1.985448524875,0.016141857925813,1.6141857925813
121,106.041803186201,14.958196813799,0.123621461271066,12.3621461271066
76,88.4749149071176,12.4749149071176,0.164143617198916,16.4143617198916
85,84.4183913065628,0.581608693437204,0.006842455216908,0.684245521690828
64,71.7989708360137,7.79897083601369,0.121858919312714,12.1858919312714
140,118.189686443318,21.810313556682,0.1557879539763,15.57879539763
80,86.9179265962627,6.9179265962627,0.086474082453284,8.64740824532838
131,108.211376279799,22.788623720201,0.173958959696191,17.3958959696191
100,101.711053171643,1.711053171643,0.01711053171643,1.711053171643
124,118.390772819771,5.609227180229,0.045235703066363,4.52357030663629
86,105.477250192174,19.477250192174,0.226479653397372,22.6479653397372
109,111.717184652588,2.717184652588,0.024928299565028,2.49282995650276
78,89.9729178254392,11.9729178254392,0.15349894647999,15.349894647999
172,160.840308898915,11.159691101085,0.064881925006308,6.48819250063082
130,131.04621394443,1.04621394443001,0.008047799572539,0.804779957253852
98,97.8801461943912,0.119853805608798,0.001222998016416,0.122299801641631
72,89.4090439881997,17.4090439881997,0.241792277613885,24.1792277613885
85,85.0887973466217,0.088797346621703,0.001044674666138,0.104467466613769
71,74.4048020600159,3.4048020600159,0.047954958591773,4.79549585917732
169,137.26163790946,31.73836209054,0.187800959115621,18.7800959115621
90,95.6533112026805,5.6533112026805,0.062814568918672,6.28145689186722
99,82.5925609830919,16.4074390169081,0.165731707241496,16.5731707241496
73,77.2648495478545,4.2648495478545,0.058422596545952,5.8422596545952
79,83.2404400683915,4.24044006839151,0.053676456561918,5.36764565619178
57,74.9619629185461,17.9619629185461,0.315122156465721,31.5122156465721
104,86.7689695929715,17.2310304070285,0.165682984682966,16.5682984682966
81,90.9504134734803,9.9504134734803,0.122844610783707,12.2844610783707
83,85.9729592443426,2.9729592443426,0.035818786076417,3.58187860764169
57,71.7742902507476,14.7742902507476,0.259198074574519,25.9198074574519
104,85.2201126666353,18.7798873333647,0.180575839743891,18.0575839743891
71,74.3743018312313,3.37430183123131,0.047525377904666,4.75253779046663
112,100.32270357421,11.67729642579,0.104261575230268,10.4261575230268
82,90.9504134734803,8.9504134734803,0.10915138382293,10.915138382293
101,92.2046269004995,8.79537309950049,0.087082901975253,8.70829019752524
53,71.1762390707759,18.1762390707759,0.342947906995772,34.2947906995772
102,103.156276030106,1.156276030106,0.011336039510843,1.13360395108431
86,102.367284840165,16.367284840165,0.190317265583314,19.0317265583314
138,98.0764254633436,39.9235745366564,0.28930126475838,28.930126475838
117,99.7894121469045,17.2105878530955,0.147099041479449,14.7099041479449
104,94.1871069270702,9.8128930729298,0.094354741085863,9.43547410858634
77,80.944417658087,3.944417658087,0.051226203351779,5.12262033517793
142,138.687402627904,3.31259737209601,0.023328150507718,2.33281505077184
104,94.6118290811331,9.38817091886691,0.090270874219874,9.02708742198741
151,148.160514606442,2.83948539355799,0.018804539030185,1.88045390301854
90,113.240335750111,23.240335750111,0.258225952779011,25.8225952779011
113,93.1919924627435,19.8080075372565,0.175292102099615,17.5292102099615
77,81.3777303138016,4.37773031380161,0.056853640438982,5.68536404389819
94,95.371789577243,1.37178957724301,0.014593506140883,1.45935061408831
72,84.4665227143248,12.4665227143248,0.173146148810067,17.3146148810067
101,92.3525296428667,8.6474703571333,0.085618518387459,8.56185183874584
86,71.6172518408331,14.3827481591669,0.167241257664731,16.7241257664731
78,90.9504134734803,12.9504134734803,0.166030941967696,16.6030941967696
56,95.4673177407214,39.4673177407214,0.704773531084311,70.4773531084311
109,104.905309631201,4.09469036879899,0.037565966686229,3.75659666862293
85,92.5781728621898,7.5781728621898,0.089154974849292,8.91549748492918
96,86.9560147866518,9.04398521334819,0.09420817930571,9.42081793057104
64,72.2661403498632,8.26614034986321,0.129158442966613,12.9158442966613
85,92.7184882172519,7.7184882172519,0.090805743732375,9.08057437323753
64,68.9360193019788,4.9360193019788,0.077125301593419,7.71253015934188
79,74.6046791001935,4.39532089980651,0.055636973415272,5.56369734152722
62,90.9504134734803,28.9504134734803,0.466942152798069,46.6942152798069
125,126.61862607318,1.61862607318,0.01294900858544,1.294900858544
94,99.185126532206,5.185126532206,0.055160920555383,5.5160920555383
101,92.186496327946,8.813503672054,0.087262412594594,8.7262412594594
65,74.5755222476779,9.5755222476779,0.147315726887352,14.7315726887352
90,99.3995264600852,9.3995264600852,0.104439182889836,10.4439182889836
59,82.9042054306402,23.9042054306402,0.405156024248139,40.5156024248139
108,125.469912268284,17.469912268284,0.161758446928556,16.1758446928556
87,121.179920413419,34.179920413419,0.392872648430103,39.2872648430103
125,130.595692311746,5.59569231174601,0.044765538493968,4.47655384939681
91,106.548155522198,15.548155522198,0.170858851892286,17.0858851892286
103,90.152861075994,12.847138924006,0.124729504116563,12.4729504116563
72,71.2094428430964,0.790557156903603,0.01097996051255,1.097996051255
96,85.4488867779746,10.5511132220254,0.109907429396098,10.9907429396098
77,76.9579101074971,0.042089892502901,0.000546621980557,0.054662198055715
95,121.847076628,26.847076628,0.282600806610526,28.2600806610526
78,107.752928797238,29.752928797238,0.381447805092795,38.1447805092795
79,89.9421420990775,10.9421420990775,0.138508127836424,13.8508127836424
57,69.6610141010109,12.6610141010109,0.2221230544037,22.21230544037
118,116.022739021776,1.977260978224,0.016756448968,1.6756448968
83,99.3561020901385,16.3561020901385,0.197061470965524,19.7061470965524
76,82.1663415397311,6.16634153973111,0.081136072891199,8.11360728911988
55,60.9975390736648,5.9975390736648,0.109046164975724,10.9046164975724
119,91.7899473447588,27.2100526552412,0.228655904665892,22.8655904665892
89,89.7079073709926,0.707907370992601,0.007954015404411,0.795401540441124
86,106.856264797448,20.856264797448,0.24251470694707,24.251470694707
77,87.0829219682325,10.0829219682325,0.130947038548474,13.0947038548474
110,110.974965668685,0.974965668685002,0.008863324260773,0.886332426077274
93,144.660226666304,51.660226666304,0.555486308239828,55.5486308239828
88,75.163942327124,12.836057672876,0.145864291737227,14.5864291737227
67,70.8435992591864,3.8435992591864,0.057367153122185,5.73671531221851
114,113.825787527036,0.174212472964001,0.001528179587404,0.152817958740352
80,104.247521751519,24.247521751519,0.303094021893988,30.3094021893988
118,118.547078111179,0.547078111179005,0.004636255179483,0.463625517948309
71,82.1695417984077,11.1695417984077,0.157317490118418,15.7317490118418
161,128.966444614201,32.033555385799,0.198966182520491,19.8966182520491
109,94.0313881592316,14.9686118407684,0.13732671413549,13.732671413549
206,136.06128972029,69.93871027971,0.339508302328689,33.9508302328689
116,112.310044321585,3.689955678415,0.031809962744957,3.18099627449569
93,109.197298744078,16.197298744078,0.174164502624495,17.4164502624495
68,77.2836737763861,9.2836737763861,0.136524614358619,13.6524614358619
112,98.5206583656191,13.4793416343809,0.120351264592687,12.0351264592687
89,86.9560403564988,2.0439596435012,0.022965838691025,2.29658386910247
89,73.64057535999,15.35942464001,0.172577804943933,17.2577804943933
69,80.7315457698734,11.7315457698734,0.170022402461933,17.0022402461933
108,100.81111185616,7.18888814384,0.06656377910963,6.65637791096297
86,74.1176500702497,11.8823499297503,0.138166859648259,13.8166859648259
136,109.097364091719,26.902635908281,0.197813499325596,19.7813499325596
107,96.1017945078332,10.8982054921668,0.10185238777726,10.185238777726
122,99.5792629231359,22.4207370768641,0.183776533416919,18.3776533416919
83,69.1962087566035,13.8037912433965,0.166310737872247,16.6310737872247
135,111.851615868783,23.148384131217,0.171469512083089,17.1469512083089
97,108.970119491018,11.970119491018,0.123403293721835,12.3403293721835
138,111.783623631988,26.216376368012,0.189973741797188,18.9973741797188
112,87.8522319408634,24.1477680591366,0.215605071956577,21.5605071956577
123,155.588737143301,32.588737143301,0.264949082465862,26.4949082465862
101,134.854402714768,33.854402714768,0.335192106086812,33.5192106086812
84,74.3732669435144,9.62673305648561,0.114603964958162,11.4603964958162
71,68.7751079695449,2.22489203045509,0.031336507471199,3.13365074711985
92,78.3157466143202,13.6842533856798,0.148741884626954,14.8741884626954
76,89.7805787929497,13.7805787929497,0.181323405170391,18.1323405170391
152,103.396271470356,48.603728529644,0.319761371905553,31.9761371905553
83,94.0076571672874,11.0076571672874,0.132622375509487,13.2622375509487
110,124.395189531045,14.395189531045,0.130865359373136,13.0865359373136
77,91.7078360567294,14.7078360567294,0.191010857879603,19.1010857879603
138,122.522514389184,15.477485610816,0.112155692832,11.2155692832
78,84.5576023611208,6.5576023611208,0.084071825142574,8.40718251425744
144,116.866274063186,27.133725936814,0.188428652338986,18.8428652338986
110,105.521499425875,4.47850057412499,0.040713641582955,4.07136415829545
88,95.2817209735528,7.28172097355279,0.082746829244918,8.27468292449181
78,100.313185496144,22.313185496144,0.286066480719795,28.6066480719795
111,98.0874384773196,12.9125615226804,0.116329383087211,11.6329383087211
77,81.1569449224485,4.1569449224485,0.053986297694136,5.39862976941364
181,139.591110343177,41.408889656823,0.22877839589405,22.877839589405
92,103.981563687975,11.981563687975,0.130234387912772,13.0234387912772
71,77.6497471814302,6.6497471814302,0.093658411006059,9.36584110060592
54,71.0934739273542,17.0934739273542,0.316545813469522,31.6545813469522
164,111.244141230632,52.755858769368,0.321682065666878,32.1682065666878
92,72.3178715438143,19.6821284561857,0.213936178871584,21.3936178871584
140,96.2565846249145,43.7434153750855,0.312452966964896,31.2452966964896
90,98.6791383329005,8.67913833290049,0.096434870365561,9.6434870365561
119,98.3716920509128,20.6283079490872,0.173347125622582,17.3347125622582
87,75.4565576098853,11.5434423901147,0.132683245863387,13.2683245863387
135,102.651021289256,32.348978710744,0.23962206452403,23.962206452403
89,96.4680528773347,7.4680528773347,0.083910706486907,8.39107064869067
86,102.916839518102,16.916839518102,0.196707436257,19.6707436257
70,85.8266139669826,15.8266139669826,0.226094485242609,22.6094485242609
149,117.75504319505,31.24495680495,0.209697696677517,20.9697696677517
89,92.2595690193783,3.2595690193783,0.036624371004251,3.66243710042506
88,73.2614551888694,14.7385448111306,0.167483463762848,16.7483463762848
70,68.3142664572711,1.6857335427289,0.02408190775327,2.408190775327
92,85.8106208545016,6.18937914549841,0.067275860277157,6.72758602771566
46,67.6761799337718,21.6761799337718,0.471221302908083,47.1221302908083
93,92.7947035441613,0.205296455838706,0.002207488772459,0.22074887724592
66,67.9269599152297,1.9269599152297,0.029196362351965,2.91963623519652
131,124.190898020844,6.809101979156,0.051977877703481,5.19778777034809
102,100.68432091204,1.31567908796001,0.012898814587843,1.28988145878432
89,89.0141009197726,0.014100919772602,0.000158437300816,0.015843730081575
71,78.8889887268222,7.88898872682221,0.111112517279186,11.1112517279186
109,115.888287982783,6.888287982783,0.06319530259434,6.31953025943394
75,78.4487823583645,3.4487823583645,0.045983764778193,4.59837647781933
144,102.772607855203,41.227392144797,0.286301334338868,28.6301334338868
86,87.5907804016542,1.5907804016542,0.018497446530863,1.84974465308628
77,114.394871393496,37.394871393496,0.485647680435013,48.5647680435013
59,75.4819927504575,16.4819927504575,0.279355809329788,27.9355809329788
72,91.1967533400354,19.1967533400354,0.266621574167158,26.6621574167158
52,77.6169425862153,25.6169425862153,0.492633511273371,49.2633511273371
123,122.374381610942,0.625618389058005,0.005086328366325,0.508632836632524
67,103.920057949243,36.920057949243,0.551045641033478,55.1045641033478
114,80.3828659385386,33.6171340614614,0.294887140890012,29.4887140890012
96,82.7227892085188,13.2772107914812,0.138304279077929,13.8304279077929
93,99.813451845671,6.813451845671,0.073262923071731,7.32629230717312
70,95.0802562567838,25.0802562567838,0.358289375096911,35.8289375096911
78,79.5425917189391,1.54259171893909,0.019776816909476,1.97768169094756
70,79.7749616260383,9.77496162603831,0.139642308943404,13.9642308943404
156,126.739688338765,29.260311661235,0.187566100392532,18.7566100392532
121,106.613615827722,14.386384172278,0.118895736960975,11.8895736960975
80,105.683504289726,25.683504289726,0.321043803621575,32.1043803621575
58,92.8056330095906,34.8056330095906,0.60009712085501,60.009712085501
79,73.723099720695,5.276900279305,0.066796206067152,6.67962060671518
48,71.4311116839629,23.4311116839629,0.48814816008256,48.814816008256
112,82.2666682551452,29.7333317448548,0.265476176293346,26.5476176293346
80,89.6692785611144,9.6692785611144,0.12086598201393,12.086598201393
135,149.675094057195,14.675094057195,0.108704400423667,10.8704400423667
91,105.544467390885,14.544467390885,0.159829311987747,15.9829311987747
68,83.6269133821386,15.6269133821386,0.229807549737332,22.9807549737332
56,81.2278137982825,25.2278137982825,0.45049667496933,45.049667496933
80,93.129676435481,13.129676435481,0.164120955443513,16.4120955443513
53,74.2410266151587,21.2410266151587,0.400774087078466,40.0774087078466
99,77.2972771878399,21.7027228121601,0.219219422345052,21.9219422345052
61,90.9504134734803,29.9504134734803,0.490990384811152,49.0990384811152
138,116.470354020974,21.529645979026,0.156011927384246,15.6011927384246
72,77.7744263719373,5.7744263719373,0.080200366276907,8.02003662769069
133,110.520345440605,22.479654559395,0.169019959093196,16.9019959093196
102,116.550176789833,14.550176789833,0.142648792057186,14.2648792057186
175,119.030545644206,55.969454355794,0.31982545346168,31.982545346168
110,111.22504697511,1.22504697511,0.011136790682818,1.11367906828182
102,85.2274488957154,16.7725511042846,0.164436775532202,16.4436775532202
74,84.7018259126864,10.7018259126864,0.144619269090357,14.4619269090357
89,83.469620174732,5.530379825268,0.062139099160315,6.21390991603146
64,90.0597225162537,26.0597225162537,0.407183164316464,40.7183164316464
128,118.813533354675,9.186466645325,0.071769270666602,7.17692706666016
81,93.2936218917077,12.2936218917077,0.151773109774169,15.1773109774169
163,116.342537635029,46.657462364971,0.286242100398595,28.6242100398595
129,102.127285066344,26.872714933656,0.208315619640744,20.8315619640744
108,103.700384650284,4.29961534971601,0.039811253238111,3.98112532381112
86,87.4258549366938,1.4258549366938,0.016579708566207,1.65797085662069
115,84.6539658389934,30.3460341610066,0.263878557921796,26.3878557921797
101,83.5465015932197,17.4534984067803,0.172806914918617,17.2806914918617
149,127.649696249752,21.350303750248,0.143290629196295,14.3290629196295
109,109.503440526924,0.503440526923995,0.004618720430495,0.461872043049537
144,126.443480932141,17.556519067859,0.121920271304576,12.1920271304576
95,66.9617539484641,28.0382460515359,0.295139432121431,29.5139432121431
107,88.7243782537152,18.2756217462848,0.170800203236307,17.0800203236307
58,78.8257021037394,20.8257021037394,0.359063829374817,35.9063829374817
107,104.825813233448,2.174186766552,0.02031950249114,2.03195024911402
77,90.9504134734803,13.9504134734803,0.18117420095429,18.117420095429
140,117.423323235598,22.576676764402,0.161261976888586,16.1261976888586
87,93.2540172929846,6.2540172929846,0.071885256241202,7.18852562412023
188,103.920716141419,84.079283858581,0.447230233290324,44.7230233290324
139,101.406098360835,37.593901639165,0.27045972402277,27.045972402277
119,106.80511032977,12.19488967023,0.102478064455714,10.2478064455714
91,78.4897052302455,12.5102947697545,0.137475766700599,13.7475766700599
92,84.2178970533947,7.78210294660531,0.084588075506579,8.45880755065794
65,91.9441845679871,26.9441845679871,0.414525916430571,41.4525916430571
156,138.90356031434,17.09643968566,0.109592562087564,10.9592562087564
102,108.274757629827,6.27475762982699,0.061517231664971,6.15172316649705
84,81.7496827450465,2.2503172549535,0.026789491130399,2.67894911303988
54,68.6209575578419,14.6209575578419,0.270758473293369,27.0758473293369
102,97.5714254685008,4.42857453149919,0.043417397367639,4.34173973676392
83,94.6151020488465,11.6151020488465,0.139940988540319,13.9940988540319
85,85.0637334812306,0.063733481230599,0.000749805661536,0.074980566153646
58,90.9504134734803,32.9504134734803,0.568110577128971,56.8110577128971
132,129.551326372642,2.448673627358,0.018550557783015,1.85505577830152
78,101.684844445923,23.684844445923,0.303651851870808,30.3651851870808
107,100.849516437624,6.150483562376,0.057481154788561,5.74811547885607
69,72.2729035648508,3.27290356485079,0.047433384997838,4.74333849978376
94,81.3831530964937,12.6168469035063,0.134221775569216,13.4221775569216
77,81.0280154330243,4.02801543302429,0.052311888740575,5.23118887405752
82,81.5153535085355,0.484646491464503,0.00591032306664,0.591032306664027
62,64.0874879878334,2.0874879878334,0.033669161094087,3.36691610940871
96,82.1967924520102,13.8032075479898,0.143783411958227,14.3783411958227
62,70.9560046505495,8.9560046505495,0.144451687912089,14.4451687912089
127,120.734176241455,6.265823758545,0.049337194949173,4.93371949491732
98,96.5924762306228,1.40752376937721,0.014362487442625,1.43624874426246
111,125.700661180211,14.700661180211,0.13243838901091,13.243838901091
84,73.9397295311093,10.0602704688907,0.119765124629651,11.9765124629651
152,127.434378019378,24.565621980622,0.161615934083039,16.1615934083039
79,101.47020568814,22.47020568814,0.284432983394177,28.4432983394177
121,140.325039363768,19.325039363768,0.15971106912205,15.971106912205
92,113.411044288027,21.411044288027,0.232728742261163,23.2728742261163
75,79.4325000566463,4.4325000566463,0.059100000755284,5.91000007552841
62,67.0588348290081,5.05883482900811,0.081594110145292,8.1594110145292
89,93.5645686726686,4.5645686726686,0.051287288456951,5.12872884569506
64,68.9628814860425,4.96288148604251,0.077545023219414,7.75450232194141
96,103.808629020726,7.808629020726,0.081339885632563,8.13398856325625
74,84.9978560877996,10.9978560877996,0.148619676862157,14.8619676862157
142,98.6319851151592,43.3680148848408,0.305408555527048,30.5408555527048
89,79.9319414177188,9.0680585822812,0.101888298677317,10.1888298677317
84,71.4241819333579,12.5758180666421,0.149712119840977,14.9712119840977
57,70.6324209855751,13.6324209855751,0.239165280448686,23.9165280448686
104,90.9504134734803,13.0495865265197,0.125476793524228,12.5476793524228
75,93.344008946709,18.344008946709,0.24458678595612,24.458678595612
150,141.433428461607,8.56657153839299,0.05711047692262,5.71104769226199
104,110.978316957137,6.978316957137,0.067099201510933,6.70992015109327
164,123.505218502175,40.494781497825,0.246919399376982,24.6919399376982
85,94.594171577321,9.59417157732101,0.112872606792012,11.2872606792012
113,140.395062340845,27.395062340845,0.242434180007478,24.2434180007478
91,118.319951150042,27.319951150042,0.300219243407055,30.0219243407055
186,159.644808326497,26.355191673503,0.141694578889801,14.1694578889801
157,128.726803969905,28.273196030095,0.180084051147102,18.0084051147102
81,104.909451029845,23.909451029845,0.295178407775864,29.5178407775864
64,82.788488193295,18.788488193295,0.293570128020234,29.3570128020234
119,122.527383708464,3.527383708464,0.029641879903059,2.96418799030588
96,84.4206029256776,11.5793970743224,0.120618719524192,12.0618719524192
87,81.4303031371117,5.56969686288831,0.06401950417113,6.401950417113
68,77.1900176481535,9.1900176481535,0.135147318355199,13.5147318355199
150,119.475581886201,30.524418113799,0.20349612075866,20.349612075866
115,118.052483751278,3.052483751278,0.026543336967635,2.65433369676348
111,108.162917774728,2.837082225272,0.025559299326775,2.55592993267748
103,98.7204729329931,4.2795270670069,0.041548806475795,4.15488064757951
107,107.202702619771,0.202702619771003,0.001894417007206,0.189441700720563
70,77.1698210096634,7.16982100966339,0.102426014423763,10.2426014423763
78,87.4653871090667,9.4653871090667,0.121351116782906,12.1351116782906
56,71.7195798028588,15.7195798028588,0.280706782193907,28.0706782193907
137,129.605016393669,7.39498360633101,0.053977982527964,5.39779825279636
100,105.95706274104,5.95706274104001,0.0595706274104,5.95706274104001
126,117.234417086368,8.765582913632,0.069568118362159,6.95681183621587
86,108.257836871004,22.257836871004,0.258812056639581,25.8812056639581
104,92.9083113403015,11.0916886596985,0.106650852497101,10.6650852497101
90,79.0027791730923,10.9972208269077,0.122191342521197,12.2191342521197
107,112.76518038715,5.76518038715,0.053880190534112,5.38801905341121
82,85.5904541153603,3.5904541153603,0.043786025797077,4.37860257970769
96,95.3244438271492,0.675556172850804,0.007037043467196,0.703704346719588
73,72.9131176403874,0.086882359612602,0.001190169309762,0.119016930976167
91,82.523385950342,8.476614049658,0.093149604941297,9.31496049412967
68,94.7041987183995,26.7041987183995,0.392708804682346,39.2708804682346
115,96.1988362390371,18.8011637609629,0.163488380530112,16.3488380530112
97,93.3415616969318,3.65843830306819,0.037715858794518,3.77158587945175
124,116.554896740881,7.44510325911899,0.060041155315476,6.00411553154758
73,82.4716024372104,9.47160243721039,0.129747978591923,12.9747978591923
95,103.046409106314,8.046409106314,0.084699043224358,8.46990432243579
82,83.9210440418401,1.92104404184011,0.023427366363904,2.34273663639037
105,108.647645073461,3.64764507346101,0.034739476890105,3.47394768901048
85,91.3751341708364,6.3751341708364,0.075001578480428,7.50015784804283
133,84.7136676121061,48.2863323878939,0.363055130736044,36.3055130736044
93,118.760942731536,25.760942731536,0.276999384210065,27.6999384210065
157,122.509245993925,34.490754006075,0.219686331248885,21.9686331248885
133,111.14666840127,21.85333159873,0.164310763900226,16.4310763900226
132,102.27762001245,29.72237998755,0.225169545360227,22.5169545360227
94,83.5707568862642,10.4292431137358,0.110949394826977,11.0949394826977
101,83.2150215523586,17.7849784476414,0.176088895521202,17.6088895521202
68,70.1717967180463,2.17179671804629,0.031938187030093,3.19381870300926
91,91.0702831475789,0.070283147578906,0.000772342281087,0.077234228108687
60,75.6767449116046,15.6767449116046,0.261279081860077,26.1279081860077
110,108.285533097988,1.71446690201201,0.015586062745564,1.55860627455637
74,98.616476176316,24.616476176316,0.33265508346373,33.265508346373
120,125.720381530639,5.720381530639,0.047669846088658,4.76698460886584
74,102.125619030046,28.125619030046,0.380075932838459,38.0075932838459
155,130.869950884663,24.130049115337,0.155677736227981,15.5677736227981
129,121.526120555801,7.473879444199,0.057937049955031,5.7937049955031
113,100.63717926698,12.36282073302,0.109405493212566,10.9405493212566
91,80.9925170739167,10.0074829260833,0.109972339847069,10.9972339847069
108,91.1057652249121,16.8942347750879,0.156428099769332,15.6428099769332
70,67.4319147815534,2.5680852184466,0.036686931692094,3.66869316920942
114,114.446898510281,0.446898510281002,0.003920162370886,0.392016237088599
69,88.5383780913959,19.5383780913959,0.283164899875303,28.3164899875303
112,107.749185618855,4.25081438114501,0.037953699831652,3.79536998316518
64,79.6553379269808,15.6553379269808,0.244614655109075,24.4614655109075
98,89.6959929889743,8.3040070110257,0.08473476541863,8.47347654186296
69,76.3896487899848,7.3896487899848,0.107096359275142,10.7096359275142
132,109.534483879331,22.465516120669,0.170193303944462,17.0193303944462
102,94.0552122178353,7.9447877821647,0.077890076295732,7.78900762957323
97,83.4522370613655,13.5477629386345,0.13966765916118,13.966765916118
85,70.2476294657224,14.7523705342776,0.173557300403266,17.3557300403266
144,90.9504134734803,53.0495865265197,0.368399906434165,36.8399906434165
109,112.136418253627,3.136418253627,0.028774479391073,2.87744793910734
105,97.5867487314064,7.4132512685936,0.070602393034225,7.06023930342248
87,80.3064522866062,6.6935477133938,0.076937330039009,7.69373300390092
93,90.8304043972905,2.16959560270951,0.023328984975371,2.3328984975371
73,91.4086131265533,18.4086131265533,0.252172782555525,25.2172782555525
170,103.353270144127,66.646729855873,0.392039587387488,39.2039587387488
88,89.2973146125664,1.2973146125664,0.014742211506436,1.47422115064363
160,108.829635750953,51.170364249047,0.319814776556544,31.9814776556544
112,88.314262455679,23.685737544321,0.211479799502866,21.1479799502866
74,95.6927272364528,21.6927272364528,0.293144962654768,29.3144962654768
57,70.4585849677796,13.4585849677796,0.236115525750519,23.6115525750519
163,125.547824059539,37.452175940461,0.229767950554975,22.9767950554975
104,87.234042236828,16.765957763172,0.161211132338192,16.1211132338192
142,121.989411359836,20.010588640164,0.140919638311014,14.0919638311014
97,83.5668591645356,13.4331408354644,0.138485987994478,13.8485987994478
120,90.8168493547692,29.1831506452308,0.24319292204359,24.319292204359
78,80.2069888188197,2.2069888188197,0.028294728446406,2.82947284464064
123,118.076315493648,4.923684506352,0.040029955336195,4.00299553361952
90,92.243448332037,2.243448332037,0.0249272036893,2.49272036893001
85,91.773299752559,6.773299752559,0.079685879441871,7.96858794418706
69,81.1634850674822,12.1634850674822,0.176282392282351,17.6282392282351
179,101.538032784854,77.461967215146,0.432748420196346,43.2748420196346
128,102.345352817052,25.654647182948,0.200426931116781,20.0426931116781
135,118.950888103106,16.049111896894,0.118882310347363,11.8882310347363
89,99.2993060068698,10.2993060068698,0.115722539403031,11.5722539403031
72,89.2900720181467,17.2900720181467,0.240139889140926,24.0139889140926
55,79.2245273718343,24.2245273718343,0.440445952215169,44.0445952215169
138,109.371825183556,28.628174816444,0.207450542148145,20.7450542148145
74,76.1465554179781,2.14655541797811,0.029007505648353,2.90075056483528
107,109.115889532954,2.115889532954,0.01977466853228,1.97746685322804
71,79.4721792265503,8.4721792265503,0.119326467979582,11.9326467979582
213,140.183357078417,72.816642921583,0.341862173340765,34.1862173340765
87,78.7248702284832,8.2751297715168,0.095116434155366,9.51164341553655
126,118.058815689295,7.941184310705,0.063025272307183,6.30252723071825
87,103.334156246792,16.334156246792,0.18774892237692,18.774892237692
100,95.2618623842207,4.73813761577929,0.047381376157793,4.73813761577929
75,82.033827014277,7.03382701427699,0.09378436019036,9.37843601903599
87,103.612371099036,16.612371099036,0.190946794241793,19.0946794241793
69,85.9193739728724,16.9193739728724,0.245208318447426,24.5208318447426
202,142.080923781028,59.919076218972,0.296629090192931,29.6629090192931
156,116.655293137682,39.344706862318,0.252209659373833,25.2209659373833
148,119.071472683805,28.928527316195,0.195463022406723,19.5463022406723
79,71.7711342583581,7.2288657416419,0.091504629641037,9.15046296410367
108,126.35956304902,18.35956304902,0.169995954157593,16.9995954157593
91,97.5330591531424,6.5330591531424,0.071791858825741,7.17918588257407
99,92.4449166391181,6.5550833608819,0.066212963241231,6.62129632412313
66,76.7717126354536,10.7717126354536,0.163207767203842,16.3207767203842
162,122.959913537735,39.040086462265,0.240988188038673,24.0988188038673
99,97.141357479224,1.858642520776,0.018774166876525,1.87741668765253
134,123.543904977124,10.456095022876,0.078030559872209,7.80305598722089
104,77.8544426696226,26.1455573303774,0.251399589715167,25.1399589715167
114,109.570119991654,4.429880008346,0.038858596564439,3.88585965644386
93,82.4435617992125,10.5564382007875,0.113510088180511,11.3510088180511
96,101.656789526494,5.656789526494,0.058924890900979,5.89248909009791
63,83.7760795375766,20.7760795375766,0.329779040278994,32.9779040278994
143,90.272504166446,52.727495833554,0.36872374708779,36.872374708779
80,78.7073204200396,1.29267957996041,0.016158494749505,1.61584947495051
113,103.256698104892,9.743301895108,0.086223910576177,8.6223910576177
93,87.9913088352656,5.0086911647344,0.053856894244456,5.38568942444559
100,97.2826321330365,2.7173678669635,0.027173678669635,2.7173678669635
85,88.1936261095438,3.1936261095438,0.037572071876986,3.75720718769859
160,135.708077046823,24.291922953177,0.151824518457356,15.1824518457356
132,134.315804455694,2.31580445569401,0.017543973149197,1.7543973149197
141,108.767413653902,32.232586346098,0.228599903163816,22.8599903163816
82,76.980275510517,5.019724489483,0.061216152310768,6.12161523107682
125,104.231629363905,20.768370636095,0.16614696508876,16.614696508876
88,91.0019300531549,3.00193005315489,0.034112841513124,3.41128415131238
92,79.61530620486,12.38469379514,0.134616236903696,13.4616236903696
72,101.018306011307,29.018306011307,0.40303202793482,40.303202793482
156,135.73029386542,20.26970613458,0.129934013683205,12.9934013683205
110,112.786409067675,2.786409067675,0.025330991524318,2.53309915243181
83,83.6456512399741,0.6456512399741,0.007778930602098,0.777893060209759
66,67.2876109283871,1.2876109283871,0.019509256490714,1.95092564907136
115,117.34823453118,2.34823453118,0.020419430705913,2.0419430705913
58,88.0077601475221,30.0077601475221,0.517375174957278,51.7375174957278
159,90.9504134734803,68.0495865265197,0.427984820921508,42.7984820921508
91,80.7674405187708,10.2325594812292,0.112445708584936,11.2445708584936
121,116.939484041814,4.060515958186,0.033557983125504,3.35579831255041
114,106.797268894335,7.202731105665,0.063181851804079,6.31818518040789
131,102.374350005979,28.625649994021,0.218516412168099,21.8516412168099
69,81.895058293987,12.895058293987,0.186884902811406,18.6884902811406
118,122.192059602402,4.192059602402,0.035525928833915,3.55259288339152
89,120.398627076195,31.398627076195,0.352793562653876,35.2793562653876
144,90.9504134734803,53.0495865265197,0.368399906434165,36.8399906434165
85,95.495485479862,10.495485479862,0.123476299763082,12.3476299763082
97,94.8807903994013,2.11920960059869,0.021847521655657,2.18475216556566
70,82.5763079821595,12.5763079821595,0.179661542602279,17.9661542602279
158,96.2741190232816,61.7258809767184,0.39067013276404,39.067013276404
105,99.3568075332181,5.6431924667819,0.053744690159828,5.37446901598276
120,109.942424649984,10.057575350016,0.0838131279168,8.38131279168
74,79.6796182927731,5.6796182927731,0.076751598550988,7.67515985509878
105,98.8935424490837,6.1064575509163,0.058156738580155,5.81567385801553
64,76.5388246557198,12.5388246557198,0.195919135245622,19.5919135245622
129,114.674004111327,14.325995888673,0.11105423169514,11.105423169514
109,102.045153120414,6.954846879586,0.063805934675101,6.38059346751009
109,96.326904322763,12.673095677237,0.116266932818688,11.6266932818688
91,91.53713196136,0.537131961360004,0.005902549025934,0.590254902593411
91,98.8849547696108,7.8849547696108,0.086647854611108,8.66478546111077
75,95.2364228961732,20.2364228961732,0.269818971948976,26.9818971948976
107,114.190673111518,7.190673111518,0.067202552444094,6.72025524440934
67,81.1899701928214,14.1899701928214,0.211790599892857,21.1790599892857
154,113.407668423946,40.592331576054,0.263586568675675,26.3586568675675
79,75.0773078362389,3.9226921637611,0.049654331186849,4.96543311868494
101,117.584081808258,16.584081808258,0.164198829784733,16.4198829784733
68,77.561278648087,9.561278648087,0.140607038942456,14.0607038942456
128,137.28935166796,9.28935166796001,0.072573059905938,7.25730599059375
113,92.0011434384676,20.9988565615324,0.18583058904011,18.583058904011
137,105.833098528593,31.166901471407,0.227495631178153,22.7495631178153
94,79.2399018241156,14.7600981758844,0.157022321020047,15.7022321020047
89,81.3374482738887,7.6625517261113,0.086096086810239,8.60960868102394
63,69.5289736876544,6.5289736876544,0.103634502978641,10.3634502978641
95,79.2533273190457,15.7466726809543,0.165754449273203,16.5754449273203
66,90.9504134734803,24.9504134734803,0.378036567780004,37.8036567780005
102,93.6132376280991,8.3867623719009,0.082223160508832,8.22231605088324
64,69.1176422054683,5.1176422054683,0.079963159460442,7.99631594604422
111,123.347284618425,12.347284618425,0.111236798364189,11.1236798364189
67,70.5846594150235,3.58465941502349,0.053502379328709,5.35023793287089
139,154.666866047664,15.666866047664,0.112711266529957,11.2711266529957
131,128.849148228607,2.15085177139301,0.01641871581216,1.64187158121604
127,136.316305663539,9.316305663539,0.073356737508181,7.33567375081811
85,107.369930312712,22.369930312712,0.263175650737788,26.3175650737788
132,125.273166202841,6.726833797159,0.05096086209969,5.09608620996894
97,89.0728690898612,7.9271309101388,0.081722999073596,8.17229990735959
86,87.7250519588369,1.7250519588369,0.020058743707406,2.00587437074058
65,82.9403101166704,17.9403101166704,0.276004771025699,27.6004771025699
101,78.1129185092888,22.8870814907112,0.226604767234764,22.6604767234764
84,92.3495472817515,8.3495472817515,0.099399372401804,9.93993724018035
139,94.45556116644,44.54443883356,0.320463588730647,32.0463588730647
71,79.1501227611465,8.15012276114651,0.114790461424599,11.4790461424599
125,129.89980515542,4.89980515542001,0.03919844124336,3.91984412433601
104,111.986911440075,7.98691144007501,0.076797225385337,7.67972253853366
102,101.484066364289,0.515933635710994,0.005058172899127,0.505817289912739
85,94.5253483929937,9.52534839299371,0.112062922270514,11.2062922270514
105,98.4558050672897,6.5441949327103,0.062325666025812,6.23256660258124
82,83.9282243504786,1.9282243504786,0.023514931103398,2.35149311033976
114,98.1527708890063,15.8472291109937,0.139010781675383,13.9010781675383
86,91.3204215133178,5.3204215133178,0.061865366433928,6.18653664339279
118,125.395499577808,7.395499577808,0.062673725235661,6.2673725235661
74,93.7936212792832,19.7936212792832,0.267481368638962,26.7481368638962
98,80.6373068987275,17.3626931012725,0.177170337768087,17.7170337768087
88,68.1274473268205,19.8725526731795,0.225824462195222,22.5824462195222
108,93.9295198124788,14.0704801875212,0.13028222395853,13.028222395853
90,88.1918151697021,1.8081848302979,0.020090942558866,2.00909425588656
128,109.532049500944,18.467950499056,0.144280863273875,14.4280863273875
108,93.2618565844464,14.7381434155536,0.136464290884756,13.6464290884756
89,79.0007163212203,9.9992836787797,0.112351502008761,11.2351502008761
72,89.5903702012982,17.5903702012982,0.244310697240253,24.4310697240253
97,115.559836712779,18.559836712779,0.191338522812155,19.1338522812155
77,94.5774971968535,17.5774971968535,0.228279184374721,22.8279184374721
159,100.804497481989,58.195502518011,0.366009449798811,36.6009449798811
107,90.6299922972463,16.3700077027537,0.15299072619396,15.299072619396
166,100.989629464411,65.010370535589,0.391628738166199,39.1628738166199
123,94.4575240240198,28.5424759759802,0.232052650211221,23.2052650211221
106,99.4042657157787,6.59573428422129,0.06222390834171,6.22239083417103
69,77.3634670403086,8.36346704030861,0.121209667250849,12.1209667250849
119,96.4644656391943,22.5355343608057,0.189374238326098,18.9374238326098
90,88.1164169615591,1.8835830384409,0.020928700427121,2.09287004271212
113,101.864732607364,11.135267392636,0.098542189315363,9.85421893153628
99,80.6105401559007,18.3894598440993,0.185752119637367,18.5752119637367
81,107.602728024751,26.602728024751,0.328428741046309,32.8428741046309
59,71.8013672829706,12.8013672829706,0.21697232683001,21.697232683001
115,94.2523245925043,20.7476754074957,0.180414568760832,18.0414568760832
64,85.1447078348791,21.1447078348791,0.330386059919986,33.0386059919986
108,86.0001156423447,21.9998843576553,0.203702632941253,20.3702632941253
94,70.3651168142351,23.6348831857649,0.251434927508137,25.1434927508137
159,103.345843605109,55.654156394891,0.350026140848371,35.0026140848371
137,103.591440361484,33.408559638516,0.243858099551212,24.3858099551212
99,96.0222516451855,2.97774835481449,0.030078266210248,3.00782662102474
84,94.5987988599415,10.5987988599415,0.126176176904065,12.6176176904065
118,130.361969313598,12.361969313598,0.104762451810153,10.4762451810153
76,87.7339429886086,11.7339429886086,0.154393986692218,15.4393986692218
111,88.8999852476764,22.1000147523236,0.199099232002915,19.9099232002915
88,87.5012990295487,0.498700970451296,0.005667056482401,0.566705648240109
74,78.7123897194135,4.71238971941349,0.063680942154236,6.36809421542364
52,74.9701390480412,22.9701390480412,0.441733443231562,44.1733443231562
132,93.1179029978894,38.8820970021106,0.29456134092508,29.456134092508
117,85.5185460904923,31.4814539095077,0.269072255636818,26.9072255636818
83,73.1733010811677,9.82669891883231,0.118393962877498,11.8393962877498
67,74.0164420479566,7.0164420479566,0.104723015641143,10.4723015641143
91,89.1583438274982,1.8416561725018,0.020237979917602,2.02379799176022
63,67.8027576364668,4.80275763646679,0.076234248197886,7.62342481978856
106,90.9504134734803,15.0495865265197,0.141977231382261,14.1977231382261
66,73.1050815786687,7.1050815786687,0.10765275119195,10.765275119195
133,105.117048607791,27.882951392209,0.209646251069241,20.9646251069241
109,97.5303839998862,11.4696160001138,0.105225834863429,10.5225834863429
70,86.9637202470453,16.9637202470453,0.242338860672076,24.2338860672076
55,77.9630796363194,22.9630796363194,0.417510538842171,41.7510538842171
125,110.909221563265,14.090778436735,0.11272622749388,11.272622749388
72,75.9855877784263,3.98558777842629,0.055355385811476,5.53553858114763
132,98.2838478344702,33.7161521655298,0.255425395193408,25.5425395193408
84,91.6319730879119,7.6319730879119,0.090856822475142,9.08568224751417
96,115.037973061576,19.037973061576,0.198312219391417,19.8312219391417
68,85.2908136008665,17.2908136008665,0.254276670600978,25.4276670600978
125,104.508692930549,20.491307069451,0.163930456555608,16.3930456555608
70,71.8332946546456,1.8332946546456,0.026189923637794,2.61899236377943
109,63.3186543398256,45.6813456601744,0.419094914313527,41.9094914313527
84,57.2407555759551,26.7592444240449,0.318562433619582,31.8562433619582
113,102.390711538052,10.609288461948,0.093887508512814,9.38875085128141
69,80.239982818705,11.239982818705,0.162898301720362,16.2898301720362
121,94.4515732683637,26.5484267316363,0.219408485385424,21.9408485385424
77,84.1037293259392,7.1037293259392,0.092256225012197,9.22562250121974
119,106.417335249269,12.582664750731,0.105736678577571,10.5736678577571
94,92.7636769534776,1.2363230465224,0.013152372835345,1.31523728353447
119,99.0956681145232,19.9043318854768,0.167263293155267,16.7263293155267
67,75.9309615407274,8.9309615407274,0.133297933443692,13.3297933443692
135,101.848633819535,33.151366180465,0.245565675410852,24.5565675410852
93,82.9345523509512,10.0654476490488,0.108230619882245,10.8230619882245
155,157.950155490388,2.950155490388,0.01903326122831,1.90332612283097
98,98.0814135422763,0.081413542276295,0.000830750431391,0.083075043139076
101,121.089993010868,20.089993010868,0.198910821889782,19.8910821889782
86,106.188088850103,20.188088850103,0.234745219187244,23.4745219187244
83,94.0721407167593,11.0721407167593,0.133399285744088,13.3399285744088
70,87.621824940215,17.621824940215,0.251740356288786,25.1740356288786
75,86.7769889471733,11.7769889471733,0.157026519295644,15.7026519295644
54,79.7666481938204,25.7666481938204,0.477160151737415,47.7160151737415
76,70.3717150975635,5.62828490243651,0.074056380295217,7.40563802952172
54,65.2860459431025,11.2860459431025,0.209000850798194,20.9000850798194
85,105.321213975004,20.321213975004,0.239073105588282,23.9073105588282
68,82.4401175444433,14.4401175444433,0.212354669771225,21.2354669771225
177,105.174437799886,71.825562200114,0.405794136723808,40.5794136723808
84,90.9504134734803,6.9504134734803,0.082743017541432,8.27430175414321
99,103.789055283517,4.789055283517,0.048374295793101,4.8374295793101
66,69.4241405652319,3.42414056523189,0.051880917655029,5.18809176550287
118,76.5002191062698,41.4997808937302,0.351693058421442,35.1693058421442
81,99.2511689639266,18.2511689639266,0.225323073628723,22.5323073628723
151,145.373488687615,5.62651131238499,0.03726166432043,3.72616643204304
86,82.2616276976879,3.7383723023121,0.043469445375722,4.34694453757221
137,110.545432074444,26.454567925556,0.193099035952964,19.3099035952964
77,96.1444976385761,19.1444976385761,0.248629839462027,24.8629839462027
116,84.0534597263568,31.9465402736432,0.275401209255545,27.5401209255545
91,82.1007682871185,8.8992317128815,0.09779375508661,9.77937550866099
126,79.714056286872,46.285943713128,0.367348759628,36.7348759628
88,81.7546198761699,6.2453801238301,0.070970228679888,7.09702286798875
117,92.944667713854,24.055332286146,0.20560113065082,20.560113065082
83,87.6666707080123,4.6666707080123,0.056224948289305,5.62249482893049
114,94.4393813611086,19.5606186388914,0.171584374025363,17.1584374025363
88,85.1549277988107,2.8450722011893,0.032330365922606,3.23303659226056
124,121.134757378072,2.865242621928,0.023106795338129,2.31067953381291
117,150.157192165938,33.157192165938,0.283394804837077,28.3394804837077
106,70.8680614412035,35.1319385587965,0.331433382630156,33.1433382630156
57,86.5602652527995,29.5602652527995,0.518601144785956,51.8601144785956
188,131.543445210501,56.456554789499,0.300300823348399,30.0300823348399
122,111.34415341165,10.65584658835,0.087343004822541,8.7343004822541
173,113.97829932228,59.02170067772,0.341165899871214,34.1165899871214
107,90.9504134734803,16.0495865265197,0.149996135761866,14.9996135761866
124,100.767811877164,23.232188122836,0.187356355829323,18.7356355829323
90,88.4717102148763,1.5282897851237,0.016980997612486,1.69809976124856
113,103.360555590017,9.639444409983,0.08530481778746,8.53048177874602
80,74.2725386564535,5.72746134354649,0.071593266794331,7.15932667943312
113,89.1705582413395,23.8294417586605,0.210880015563367,21.0880015563367
70,77.1327206958827,7.1327206958827,0.101896009941181,10.1896009941181
120,94.7081984031784,25.2918015968216,0.210765013306847,21.0765013306847
93,77.0545412376573,15.9454587623427,0.171456545831642,17.1456545831642
120,110.14635989342,9.85364010658,0.082113667554833,8.21136675548333
93,118.738267467368,25.738267467368,0.276755564165247,27.6755564165247
146,97.6992235686277,48.3007764313723,0.330827235831317,33.0827235831317
115,94.0336405922182,20.9663594077818,0.18231616876332,18.231616876332
89,92.487096678504,3.487096678504,0.039180861556225,3.91808615562247
70,73.9495835569308,3.9495835569308,0.056422622241869,5.64226222418686
150,113.783412535091,36.216587464909,0.241443916432727,24.1443916432727
89,83.8396411905316,5.16035880946841,0.057981559656948,5.79815596569484
113,81.5018822200737,31.4981177799263,0.278744405132091,27.8744405132091
92,87.7255511657192,4.2744488342808,0.046461400372618,4.64614003726174
95,89.7677715259232,5.23222847407681,0.055076089200809,5.50760892008085
71,70.8930702053496,0.106929794650398,0.00150605344578,0.150605344578025
177,122.435716779217,54.564283220783,0.308272786558096,30.8272786558096
120,103.848838020608,16.151161979392,0.134593016494933,13.4593016494933
145,104.455337764971,40.544662235029,0.279618360241579,27.9618360241579
131,91.8151007301368,39.1848992698632,0.299121368472238,29.9121368472238
119,93.1200849622889,25.8799150377111,0.217478277627824,21.7478277627824
99,95.6133971178864,3.38660288211361,0.03420810992034,3.42081099203395
112,87.5628511331852,24.4371488668148,0.218188829167989,21.8188829167989
85,72.8396389969428,12.1603610030572,0.143063070624202,14.3063070624202
99,100.765585353766,1.765585353766,0.017834195492586,1.78341954925859
63,71.8712137343433,8.8712137343433,0.140812916418148,14.0812916418148
92,85.2847806457744,6.7152193542256,0.072991514719844,7.29915147198434
81,93.1270849749288,12.1270849749288,0.149717098455911,14.9717098455911
144,113.668028302748,30.331971697252,0.210638692342028,21.0638692342028
87,73.0404142437235,13.9595857562765,0.160455008692833,16.0455008692833
149,117.250566616116,31.749433383884,0.213083445529423,21.3083445529423
95,94.3192112910531,0.680788708946906,0.007166196936283,0.716619693628322
87,110.991309128247,23.991309128247,0.275762173887896,27.5762173887897
62,90.9504134734803,28.9504134734803,0.466942152798069,46.6942152798069
117,96.3034226991153,20.6965773008847,0.176893823084485,17.6893823084485
98,85.0102110819507,12.9897889180493,0.132548866510707,13.2548866510707
111,103.145124411571,7.854875588429,0.070764644940802,7.07646449408018
74,99.0620300478858,25.0620300478858,0.338676081728186,33.8676081728186
129,90.9504134734803,38.0495865265197,0.2949580350893,29.49580350893
89,109.050682343225,20.050682343225,0.225288565654214,22.5288565654214
99,95.3421181644042,3.6578818355958,0.036948301369655,3.69483013696546
78,75.5951417666145,2.4048582333855,0.030831515812635,3.08315158126346
95,97.1764806566759,2.17648065667591,0.022910322701852,2.29103227018516
72,81.3539609794868,9.3539609794868,0.129916124715094,12.9916124715094
113,114.003648870348,1.003648870348,0.008881848410159,0.888184841015931
85,89.6196635309049,4.6196635309049,0.054348982716528,5.43489827165283
86,103.166002265399,17.166002265399,0.19960467750464,19.960467750464
59,78.5700848444662,19.5700848444662,0.331696353296037,33.1696353296037
119,109.848884064265,9.15111593573501,0.07690013391374,7.69001339137396
86,96.376896945335,10.376896945335,0.120661592387616,12.0661592387616
126,112.196351635334,13.803648364666,0.109552764798937,10.9552764798937
95,94.0006807402076,0.999319259792401,0.010519150103078,1.05191501030779
66,78.7374541767173,12.7374541767173,0.192991729950262,19.2991729950262
58,74.0745695613708,16.0745695613708,0.277147751058117,27.7147751058117
87,72.4789049831197,14.5210950168803,0.166909138125061,16.6909138125061
63,79.8333322597896,16.8333322597896,0.26719575015539,26.719575015539
114,95.3221608205677,18.6778391794323,0.163840694556424,16.3840694556424
95,92.424574200242,2.57542579975799,0.027109745260611,2.71097452606105
114,98.6234039778857,15.3765960221143,0.134882421246617,13.4882421246617
92,95.2216092772434,3.2216092772434,0.03501749214395,3.501749214395
98,83.7932809113984,14.2067190886016,0.144966521312261,14.4966521312261
69,71.0919391987231,2.0919391987231,0.030317959401784,3.0317959401784
87,81.6905118401991,5.30948815980091,0.061028599537942,6.10285995379415
68,73.3232196447623,5.3232196447623,0.07828264183474,7.82826418347398
79,76.3892804105361,2.6107195894639,0.033047083410936,3.30470834109354
65,90.9504134734803,25.9504134734803,0.399237130361235,39.9237130361235
122,132.412174416573,10.412174416573,0.085345691939123,8.5345691939123
79,106.85445165547,27.85445165547,0.352587995638861,35.2587995638861
151,90.9504134734803,60.0495865265197,0.397679380970329,39.7679380970329
87,67.7583594965557,19.2416405034443,0.221168281648785,22.1168281648785
114,86.710960456221,27.289039543779,0.23937753985771,23.9377539857711
84,83.4948660543239,0.505133945676107,0.006013499353287,0.601349935328699
113,80.9720712132305,32.0279287867695,0.283432998113004,28.3432998113004
81,87.4674335440442,6.4674335440442,0.079844858568447,7.98448585684469
121,111.860940246814,9.139059753186,0.075529419447818,7.55294194478182
81,101.971976006825,20.971976006825,0.258913284034877,25.8913284034877
91,81.481172685737,9.51882731426301,0.104602497958934,10.4602497958934
81,82.1833985484559,1.1833985484559,0.014609858622912,1.46098586229123
138,133.085472611913,4.91452738808701,0.035612517304978,3.56125173049783
107,114.534540498548,7.534540498548,0.07041626634157,7.04162663415701
148,143.774289975509,4.22571002449101,0.028552094760074,2.85520947600744
73,90.9504134734803,17.9504134734803,0.245896074979182,24.5896074979182
129,135.267151169181,6.26715116918101,0.048582567202954,4.85825672029535
90,99.0667501897821,9.0667501897821,0.100741668775357,10.0741668775357
114,111.073730474446,2.92626952555401,0.025669030925912,2.56690309259123
94,98.3833262023524,4.38332620235241,0.04663112981226,4.66311298122597
70,80.3862167292347,10.3862167292347,0.148374524703353,14.8374524703353
53,71.7703183508763,18.7703183508763,0.354156950016534,35.4156950016534
91,110.103036458851,19.103036458851,0.209923477569791,20.9923477569791
69,102.513686961904,33.513686961904,0.485705608143536,48.5705608143536
131,105.140401418661,25.859598581339,0.197401515888084,19.7401515888084
101,103.041691425155,2.04169142515499,0.020214766585693,2.0214766585693
75,105.119256951761,30.119256951761,0.401590092690147,40.1590092690147
58,77.0535966526736,19.0535966526736,0.328510287115062,32.8510287115062
129,116.629658818828,12.370341181172,0.095894117683504,9.58941176835038
78,83.7129612052517,5.7129612052517,0.073243092375022,7.32430923750218
119,97.0733879734169,21.9266120265831,0.184257243920866,18.4257243920866
81,87.305615343835,6.305615343835,0.077847103010309,7.78471030103087
168,90.9504134734803,77.0495865265197,0.458628491229284,45.8628491229284
109,117.343136077274,8.343136077274,0.076542532819028,7.65425328190275
101,82.8702827597844,18.1297172402156,0.179502150893224,17.9502150893224
82,76.2760171296496,5.7239828703504,0.069804669150615,6.98046691506146
84,91.4021660842176,7.4021660842176,0.088121024812114,8.81210248121143
74,89.0323700053197,15.0323700053197,0.203140135207023,20.3140135207023
141,112.778918236675,28.221081763325,0.20014951605195,20.014951605195
101,82.6282263305824,18.3717736694176,0.181898749202155,18.1898749202155
91,88.5734725633118,2.4265274366882,0.026665136666903,2.66651366669033
64,75.816342111225,11.816342111225,0.184630345487891,18.4630345487891
114,130.900368453939,16.900368453939,0.148248846087184,14.8248846087184
69,94.2133191464942,25.2133191464942,0.365410422412959,36.5410422412959
130,116.366720484986,13.633279515014,0.104871380884723,10.4871380884723
96,102.823564679531,6.823564679531,0.071078798745115,7.10787987451146
133,123.4194350607,9.5805649393,0.07203432285188,7.20343228518797
95,96.0296901337719,1.02969013377189,0.010838843513388,1.08388435133884
96,70.7597001303904,25.2402998696096,0.262919790308433,26.2919790308433
70,76.4056323866987,6.4056323866987,0.091509034095696,9.15090340956957
81,81.2519619256095,0.251961925609507,0.003110641056908,0.311064105690749
64,86.5864244003394,22.5864244003394,0.352912881255303,35.2912881255303
140,96.8026457221132,43.1973542778868,0.308552530556334,30.8552530556334
88,120.297647540928,32.297647540928,0.367018722056,36.7018722056
127,105.856534546336,21.143465453664,0.16648397995011,16.648397995011
75,63.7034970824575,11.2965029175425,0.150620038900567,15.0620038900567
129,123.563636679899,5.43636332010099,0.042142351318612,4.21423513186124
107,99.9804018969427,7.01959810305731,0.065603720589321,6.56037205893206
89,93.3534073771045,4.3534073771045,0.048914689630388,4.89146896303877
73,70.2156580709149,2.7843419290851,0.03814167026144,3.81416702614397
121,116.61841560786,4.38158439214,0.036211441257355,3.62114412573554
76,84.4128666777314,8.4128666777314,0.110695614180676,11.0695614180676
113,97.5618130999532,15.4381869000468,0.136621123009264,13.6621123009264
89,84.2300869253153,4.7699130746847,0.053594528929042,5.35945289290415
116,100.018444270853,15.981555729147,0.137772032147819,13.7772032147819
72,90.9504134734803,18.9504134734803,0.263200187131671,26.3200187131671
135,105.766702911233,29.233297088767,0.216542941398274,21.6542941398274
90,94.46546709022,4.46546709022,0.049616301002445,4.96163010024445
120,106.480790602828,13.519209397172,0.112660078309767,11.2660078309767
77,80.4295759687817,3.42957596878171,0.044539947646516,4.45399476465157
117,73.7141611943253,43.2858388056747,0.369964434236536,36.9964434236536
97,69.6954064224837,27.3045935775163,0.281490655438312,28.1490655438312
104,110.099185580121,6.099185580121,0.058646015193471,5.86460151934712
63,85.559040839002,22.559040839002,0.358080013317492,35.8080013317492
155,139.442263368426,15.557736631574,0.100372494397252,10.0372494397252
112,101.23314929257,10.76685070743,0.096132595602054,9.61325956020535
300,133.5773360245,166.4226639755,0.554742213251667,55.4742213251667
133,106.497268778506,26.502731221494,0.199268655800707,19.9268655800707
114,103.887962041289,10.112037958711,0.088702087357114,8.8702087357114
92,99.6783566872956,7.6783566872956,0.083460398774952,8.34603987749522
80,92.5868601849655,12.5868601849655,0.157335752312069,15.7335752312069
56,69.0544698876451,13.0544698876451,0.233115533707948,23.3115533707948
59,79.6651825736086,20.6651825736086,0.350257331756078,35.0257331756078
48,62.5929799969425,14.5929799969425,0.304020416602969,30.4020416602969
102,90.2362464755187,11.7637535244813,0.115330916906679,11.5330916906679
83,74.7236322629913,8.2763677370087,0.099715273939864,9.97152739398638
189,150.766181878881,38.233818121119,0.202295333974175,20.2295333974175
168,136.616065454324,31.383934545676,0.186809134200452,18.6809134200452
142,100.150727799642,41.849272200358,0.294713184509563,29.4713184509563
87,84.7591992064611,2.2408007935389,0.025756330960217,2.57563309602172
90,82.0890950103311,7.91090498966889,0.087898944329654,8.78989443296544
80,84.1021193907183,4.1021193907183,0.051276492383979,5.12764923839788
140,117.270688620039,22.729311379961,0.162352224142579,16.2352224142579
107,85.1003250553359,21.8996749446641,0.204669859295926,20.4669859295926
78,85.027416210981,7.027416210981,0.090095079627962,9.00950796279616
59,72.8187664517517,13.8187664517517,0.234216380538164,23.4216380538164
94,118.154201433308,24.154201433308,0.256959589716043,25.6959589716043
81,85.8351353411012,4.83513534110121,0.059693028902484,5.9693028902484
127,113.453934645731,13.546065354269,0.106661931923378,10.6661931923378
101,78.0579158518234,22.9420841481766,0.227149348001749,22.7149348001749
230,115.392462371412,114.607537628588,0.498293641863426,49.8293641863426
141,103.44488221974,37.55511778026,0.266348353051489,26.6348353051489
109,98.0874718566223,10.9125281433777,0.100114937095208,10.0114937095208
84,85.4658898625314,1.4658898625314,0.017451069792041,1.74510697920405
112,134.123714466178,22.123714466178,0.197533164876589,19.7533164876589
93,87.407541201954,5.592458798046,0.060133965570387,6.01339655703871
109,116.66107079968,7.66107079968,0.070285053208074,7.02850532080734
75,102.224714306356,27.224714306356,0.362996190751413,36.2996190751413
176,106.341587482968,69.658412517032,0.395786434755864,39.5786434755864
139,82.5646583638168,56.4353416361832,0.406009652058872,40.6009652058872
116,100.523069949153,15.476930050847,0.133421810783164,13.3421810783164
83,95.3847525219482,12.3847525219482,0.149213885806605,14.9213885806605
128,92.6288187182851,35.3711812817149,0.276337353763398,27.6337353763398
74,73.6390174238394,0.360982576160595,0.004878142921089,0.487814292108912
82,92.3431826425319,10.3431826425319,0.126136373689413,12.6136373689413
67,85.4697233204254,18.4697233204254,0.275667512245155,27.5667512245155
123,125.904154410632,2.904154410632,0.023611011468553,2.36110114685529
84,104.344877167762,20.344877167762,0.242200918663833,24.2200918663833
123,111.654255239014,11.345744760986,0.092241827325089,9.22418273250894
103,100.022414976987,2.97758502301301,0.028908592456437,2.89085924564369
124,87.3830043923746,36.6169956076254,0.295298351674398,29.5298351674398
105,90.590101354423,14.409898645577,0.137237129957876,13.7237129957876
157,88.0145642322525,68.9854357677475,0.439397680049347,43.9397680049347
71,73.3722625975192,2.3722625975192,0.033412149260834,3.34121492608337
107,101.979233857271,5.020766142729,0.046923048062888,4.69230480628879
72,82.1446393873256,10.1446393873256,0.140897769268411,14.0897769268411
119,106.750455169448,12.249544830552,0.102937351517244,10.2937351517244
82,82.9641076780787,0.964107678078705,0.011757410708277,1.17574107082769
106,97.5770375088228,8.4229624911772,0.079461910294125,7.94619102941246
78,77.7957167992199,0.204283200780097,0.002619015394617,0.261901539461662
89,88.2455756244064,0.754424375593601,0.008476678377456,0.847667837745619
71,80.4872974373206,9.48729743732061,0.133623907567896,13.3623907567896
208,132.971813411197,75.028186588803,0.360712435523091,36.0712435523091
200,133.093318190752,66.906681809248,0.33453340904624,33.453340904624
117,100.600072537128,16.399927462872,0.140170320195487,14.0170320195487
91,90.9504134734803,0.049586526519704,0.000544906884832,0.054490688483191
83,113.693718011382,30.693718011382,0.369803831462434,36.9803831462434
63,83.1849798837698,20.1849798837698,0.320396506091584,32.0396506091584
134,112.867847798129,21.132152201871,0.157702628372172,15.7702628372172
95,83.8316158474089,11.1683841525911,0.117561938448327,11.7561938448327
93,92.2969872447857,0.703012755214303,0.007559276937788,0.75592769377882
62,70.4842856033366,8.4842856033366,0.136843316182848,13.6843316182848
92,86.5614633754555,5.4385366245445,0.059114528527658,5.91145285276576
77,83.2393196668098,6.23931966680981,0.081030125542985,8.10301255429845
94,98.9264488558141,4.9264488558141,0.052409030381001,5.24090303810011
74,85.9895212154062,11.9895212154062,0.162020556964949,16.2020556964949
102,92.789840273327,9.210159726673,0.090295683594833,9.02956835948333
69,71.6443558713199,2.6443558713199,0.038323998135071,3.8323998135071
94,103.969169243505,9.96916924350499,0.106054991952181,10.6054991952181
58,87.7568013706584,29.7568013706584,0.51304829949411,51.304829949411
87,90.5718816826366,3.5718816826366,0.041056111294674,4.10561112946736
71,85.8283014123678,14.8283014123678,0.208849315667152,20.8849315667152
188,131.781960762823,56.218039237177,0.299032123602005,29.9032123602005
127,113.535876886936,13.464123113064,0.106016717425701,10.6016717425701
88,90.9504134734803,2.9504134734803,0.033527425835003,3.35274258350034
50,62.3060157907167,12.3060157907167,0.246120315814334,24.6120315814334
105,89.8619374777471,15.1380625222529,0.144172024021456,14.4172024021456
82,82.3459809410282,0.345980941028202,0.004219279768637,0.421927976863661
137,109.206475010068,27.793524989932,0.202872445181985,20.2872445181985
76,87.5231422360714,11.5231422360714,0.151620292579887,15.1620292579887
124,112.139470824697,11.860529175303,0.095649428833089,9.56494288330887
96,98.2963851471446,2.2963851471446,0.02392067861609,2.39206786160896
97,108.614916442146,11.614916442146,0.119741406620062,11.9741406620062
69,90.4028855345312,21.4028855345312,0.310186746877264,31.0186746877264
129,132.650775320871,3.65077532087099,0.028300583882721,2.83005838827209
86,98.1840309603031,12.1840309603031,0.141674778608176,14.1674778608176
95,81.1761073404064,13.8238926595936,0.145514659574669,14.5514659574669
74,86.510667883417,12.510667883417,0.169063079505635,16.9063079505635
96,115.548593996336,19.548593996336,0.203631187461833,20.3631187461833
60,77.7214117511404,17.7214117511404,0.295356862519007,29.5356862519007
75,91.8883228179641,16.8883228179641,0.225177637572855,22.5177637572855
69,78.1870806268815,9.1870806268815,0.133146096041761,13.3146096041761
109,66.6418171003031,42.3581828996969,0.388607182566027,38.8607182566027
65,61.2141888312008,3.7858111687992,0.058243248750757,5.82432487507569
104,91.4495664741418,12.5504335258582,0.120677245440944,12.0677245440944
75,76.1142019035181,1.11420190351809,0.014856025380241,1.48560253802413
85,81.4703581188127,3.5296418811873,0.041525198602204,4.15251986022036
71,78.7117315411362,7.7117315411362,0.108615937199101,10.8615937199101
132,126.950652261397,5.049347738603,0.038252634383356,3.82526343833561
97,88.5778072498705,8.4221927501295,0.086826729382778,8.68267293827783
127,149.921576527891,22.921576527891,0.180484854550323,18.0484854550323
98,90.9504134734803,7.0495865265197,0.071934556393058,7.19345563930582
84,72.4926709879388,11.5073290120612,0.136992012048348,13.6992012048348
70,71.4726802869669,1.47268028696691,0.021038289813813,2.10382898138129
90,75.5693155274198,14.4306844725802,0.160340938584224,16.0340938584224
74,78.3765120509795,4.3765120509795,0.059142054742966,5.91420547429662
104,85.0155197710416,18.9844802289584,0.1825430791246,18.25430791246
72,86.4596511884138,14.4596511884138,0.200828488727969,20.0828488727969
110,101.903260392212,8.096739607788,0.073606723707164,7.36067237071636
80,88.9893137395015,8.9893137395015,0.112366421743769,11.2366421743769
108,72.2533366462452,35.7466633537548,0.330987623645878,33.0987623645878
78,95.4504049260944,17.4504049260944,0.223723140078133,22.3723140078133
190,90.9504134734803,99.0495865265197,0.521313613297472,52.1313613297472
89,71.0463866148534,17.9536133851466,0.201725993091535,20.1725993091535
80,76.3328427948605,3.6671572051395,0.045839465064244,4.58394650642438
59,71.7258705903894,12.7258705903894,0.215692721871007,21.5692721871007
129,121.636585352995,7.363414647005,0.057080733697713,5.70807336977132
105,111.505576965141,6.505576965141,0.061957875858486,6.19578758584857
84,88.6987483778227,4.6987483778227,0.055937480688366,5.59374806883654
54,82.6151367884523,28.6151367884523,0.529909940526895,52.9909940526895
94,81.9317089513021,12.0682910486979,0.128386074986148,12.8386074986148
86,72.4172656379206,13.5827343620794,0.157938771652086,15.7938771652086
74,102.99846022134,28.99846022134,0.391871084072162,39.1871084072162
64,85.5138898524582,21.5138898524582,0.336154528944659,33.6154528944659
136,141.761715738069,5.761715738069,0.042365556897566,4.23655568975662
110,126.098439797494,16.098439797494,0.146349452704491,14.6349452704491
117,88.4951987758557,28.5048012241443,0.243630779693541,24.3630779693541
88,84.423479014848,3.576520985152,0.040642283922182,4.06422839221818
112,107.209020515908,4.79097948409201,0.042776602536536,4.27766025365358
80,85.5021643442126,5.5021643442126,0.068777054302658,6.87770543026575
57,65.8867318675373,8.88673186753731,0.155907576623462,15.5907576623462
53,65.6972935735591,12.6972935735591,0.239571576859606,23.9571576859606
145,92.9792094777486,52.0207905222514,0.358764072567251,35.8764072567251
85,76.2187864669414,8.7812135330586,0.103308394506572,10.3308394506572
107,89.3902949539956,17.6097050460044,0.164576682672938,16.4576682672938
77,67.2418230972204,9.7581769027796,0.126729570165969,12.6729570165969
108,96.1080405853771,11.8919594146229,0.110110735320582,11.0110735320582
80,92.2572080274343,12.2572080274343,0.153215100342929,15.3215100342929
117,105.655136881156,11.344863118844,0.096964642041402,9.69646420414017
103,90.3132656469664,12.6867343530336,0.123172178184792,12.3172178184792
97,77.6989873106795,19.3010126893205,0.198979512261036,19.8979512261036
86,81.5765466433365,4.4234533566635,0.05143550414725,5.143550414725
74,89.0215281088476,15.0215281088476,0.202993623092535,20.2993623092535
55,77.4820264662842,22.4820264662842,0.408764117568804,40.8764117568804
136,104.279999904508,31.720000095492,0.233235294819794,23.3235294819794
106,103.812051992598,2.187948007402,0.020641018937755,2.06410189377547
76,86.7055272398405,10.7055272398405,0.140862200524217,14.0862200524217
68,82.0611904590638,14.0611904590638,0.206782212633291,20.6782212633291
82,119.307597146893,37.307597146893,0.454970696913329,45.4970696913329
65,96.5502784481008,31.5502784481008,0.485388899201551,48.5388899201551
168,107.050204547626,60.949795452374,0.362796401502226,36.2796401502226
134,90.9504134734803,43.0495865265197,0.321265571093431,32.1265571093431
113,83.073538803435,29.926461196565,0.264835939792611,26.4835939792611
82,94.3311248745987,12.3311248745987,0.150379571641448,15.0379571641448
117,154.523679011643,37.523679011643,0.320715205227718,32.0715205227718
82,116.445197078553,34.445197078553,0.420063379006744,42.0063379006744
145,113.575726187115,31.424273812885,0.216719129744034,21.6719129744034
100,102.806466856223,2.806466856223,0.02806466856223,2.806466856223
137,163.985907760534,26.985907760534,0.196977428909007,19.6977428909007
79,76.3586391016723,2.6413608983277,0.033434948080098,3.34349480800975
144,95.9325669812385,48.0674330187615,0.333801618185844,33.3801618185844
79,82.4138571283872,3.41385712838721,0.04321338137199,4.321338137199
126,131.996825627349,5.99682562734901,0.04759385418531,4.75938541853096
102,96.6367048769745,5.36329512302549,0.052581324735544,5.25813247355441
78,105.650320008294,27.650320008294,0.354491282157615,35.4491282157615
61,103.058287316353,42.058287316353,0.689480119940213,68.9480119940213
134,96.9499595905482,37.0500404094518,0.276492838876506,27.6492838876506
109,69.9351235503982,39.0648764496018,0.358393361922952,35.8393361922952
243,90.9504134734803,152.04958652652,0.625718463072098,62.5718463072098
196,90.9504134734803,105.04958652652,0.535967278196529,53.5967278196529
121,109.920241947208,11.079758052792,0.091568248370182,9.15682483701818
81,74.0846283285748,6.91537167142521,0.085374958906484,8.5374958906484
139,90.9504134734803,48.0495865265197,0.345680478608055,34.5680478608055
82,86.7314636935978,4.7314636935978,0.057700776751193,5.77007767511927
107,148.206999924488,41.206999924488,0.385112148826991,38.5112148826991
78,126.618316172325,48.618316172325,0.623311745799038,62.3311745799038
121,116.336001555392,4.663998444608,0.038545441690975,3.85454416909752
86,89.1096401389113,3.1096401389113,0.036158606266411,3.61586062664105
146,104.822685707437,41.177314292563,0.28203639926413,28.203639926413
113,133.068236674372,20.068236674372,0.177595014817451,17.7595014817451
125,86.5438778030983,38.4561221969017,0.307648977575214,30.7648977575214
103,83.8033588517758,19.1966411482242,0.186375156778876,18.6375156778876
83,80.4036596390283,2.59634036097169,0.031281209168334,3.12812091683337
63,66.0156780442086,3.0156780442086,0.047867905463629,4.78679054636286
120,101.122390461169,18.877609538831,0.157313412823592,15.7313412823592
92,88.7576102349745,3.24238976502551,0.035243367011147,3.52433670111468
76,80.3389821924488,4.3389821924488,0.057091870953274,5.70918709532736
66,71.0888549755037,5.08885497550369,0.077103863265208,7.71038632652075
162,110.517438025883,51.482561974117,0.317793592432821,31.7793592432821
115,89.3721140888758,25.6278859111242,0.222851181835863,22.2851181835863
94,103.205353932059,9.205353932059,0.097929297149564,9.79292971495638
69,79.219713985158,10.219713985158,0.148111796886348,14.8111796886348
125,133.163925902111,8.163925902111,0.065311407216888,6.5311407216888
97,104.027655334423,7.027655334423,0.072450054994052,7.24500549940516
