10-19,8-26,11-19,10-20,9-19,10-18,height
127.1416532848303,121.2023102090055,126.24579200908043,126.31706139710501,124.48293055676348,123.14625451064276,155.95
142.35870187663275,143.17122615944868,143.05593311708537,140.4314779527724,136.89411966918078,137.41178988718545,156.7
89.47066558375433,85.86617494683223,88.48163651289457,86.92525524840292,88.02272433866156,87.66413177577246,154.15
115.69356075426151,115.41230437002808,110.94142598686929,113.22543883774529,112.64102272262977,111.36426715962351,155.45
151.15885683611134,144.4749113168096,149.4121815649581,149.3251485852266,148.08105888330215,150.29637387508726,157.25
250.88842141477954,252.28555249954368,252.12100269513448,253.6631624812716,243.57750306627256,237.35627229968037,162.25
206.30559856678641,209.3895890439637,202.0396000787964,203.00246303924493,202.40800379431641,200.24984394500785,159.8
207.460839678239,208.9042843026442,208.2786594925174,203.2264746532793,202.64747716169572,205.0,160.4
113.17685275708986,115.83609109426992,113.81124724736128,111.08555261599052,109.78615577567145,112.89818421923357,155.4
175.13708916160505,180.49930747789588,175.20559351801532,174.4706279005151,170.6985647274165,169.1892431568863,158.65
189.69449122207,185.43192821086663,184.76200908195386,186.93581786270923,183.73078130786902,184.44782460088814,158.9
232.55106965997814,228.17756243767704,226.31835983852483,228.03508501982756,226.15260334561702,226.55021518418386,160.85
141.6827441857335,140.42791745233566,140.45995870709916,140.46351839534705,138.4629914453678,137.78606605894515,156.9
252.38462710712002,258.4898450616581,249.7218452598811,253.06125740618614,246.28844877500853,242.88680491125905,162.3
129.1394595001853,131.94695904036593,131.03434664239757,126.14277624977184,125.39936203984452,125.4312560727987,156.1
235.5674001214939,243.3536521197083,230.1521236052364,233.69424468736923,229.97608571327584,230.4126732625617,161.3
176.47662734764626,176.6635219845908,169.30741271426953,169.8381582566179,173.65770930194836,176.38594048279472,158.3
154.54772725601632,151.47607071745688,155.5538491969903,147.3634961583092,147.80054127099805,153.4731246831184,157.1
109.25200226998129,109.0,109.9317970379817,106.56922632730331,105.65036677645752,104.23531071570707,155.1
161.75598906995683,165.94577427581578,153.8473269186046,157.9651860379369,159.36436239009018,160.99689437998487,157.75
202.1806123247232,199.32385707686882,203.9068414742379,197.48924021323288,194.64069461446132,198.4363877921587,159.5
281.81021982887705,277.74268667239465,285.0,281.46935890075144,271.93565415369864,268.2256512714621,163.25
261.83964558485025,273.70787347096905,278.6485241303101,268.5609800399157,245.96747752497689,245.20399670478454,163.2
104.65658125507444,103.31021246711285,106.23088063270492,103.61949623502326,99.02019995940222,100.70253224224304,154.85
105.30906893520614,107.93516572461452,105.0,104.69479452198185,101.23734488813898,104.04326023342405,155.0
166.96406799069075,168.75129629131743,165.65325230734229,165.71059109181886,162.85576440519384,162.80663377147752,158.1
194.24983912477248,185.9516066077408,196.23710148695125,193.12690128513947,186.59314028120116,189.38056922503955,159.05
172.5688268488837,167.1556161186336,171.7032323516363,166.83225107874074,167.2871782295344,168.80758276807353,158.0
149.88328792764054,155.20631430454108,145.6605643267937,144.30869689661813,148.18906842274163,146.99659860010368,157.15
148.03377992877162,152.0690632574555,152.26621424334422,144.4714504668656,141.35416513141737,145.12063946937388,157.0
149.34523762075574,146.2908062729849,146.71059948074645,145.33065746772084,145.04137340772803,146.32156368765337,157.05
282.55441953719287,254.31083343027288,286.2044723619811,274.15506561068685,270.0981303156317,279.7373768376332,162.65
152.10851389715177,150.58552387264854,150.73486657041232,148.92951352905172,148.70776711389354,152.84632805533795,157.25
143.7567389724739,145.3444185374863,144.80676779764127,144.08677940741129,138.15932831336434,137.84411485442533,156.85
126.19429464123962,131.24404748406687,127.5617497528158,125.78155667664477,122.54386969571348,120.60265337047936,156.3
174.26416728633572,169.26015479137433,174.77413996355406,172.1917535772256,166.9281282468596,171.81967291320282,158.05
85.47514258543241,86.92525524840292,83.81527307120105,84.17244204607586,83.00602387778855,85.14693182963201,154.05
132.5481044753187,130.54118124178282,132.85330255586422,129.40247292845683,125.31959144523252,129.20139318134306,156.5
179.12007146045917,177.50774630984418,172.69916039170545,172.1917535772256,178.27226368675525,180.86735471057239,158.75
150.3761949245957,152.97712247261023,148.51935900750448,146.7310464761974,146.102703602637,146.86047800548656,157.05
112.307613277106,111.01801655587259,113.20777358467925,111.32834320154056,109.41663493271945,106.06601717798212,155.35
235.49097647256042,238.15961034566715,234.8829495727606,236.96624232155938,228.71160880025312,221.6528817768901,161.45
194.9974358805777,199.60210419732556,190.1183841715472,187.3606148580859,193.31321734428815,195.88772294352702,159.35
267.4471910489994,273.82658746002005,265.7084868798887,266.66083326952986,261.48040079516477,253.87004549572208,162.9
98.11218069128829,97.57561170702442,98.40731680114037,96.17692030835673,94.93682109698008,97.082439194738,154.55
101.51354589413178,101.87246929372036,97.98979538707079,99.92497185388643,99.4635611668917,100.72239075796404,154.9
91.706052144883,89.89438247187641,90.21086409075129,90.47651629014015,90.13878188659972,88.68483523128404,154.35
82.76472678623425,85.0,83.81527307120105,82.85529554590943,80.4114419718985,79.61155694998057,154.05
230.4886114323222,226.38462845343545,232.2606294661237,228.5475880424031,221.3820227570432,219.27152117865197,160.9
112.20071301021221,114.16216536138408,118.79393923933998,109.29318368498559,106.06601717798212,109.98636279102968,155.4
246.05893602956183,241.3731550939333,246.58669874914182,241.6981588676256,236.54597861726586,237.77720664521232,161.45
84.8528137423857,85.70880934886449,84.02380615040002,83.0963296421689,82.46211251235322,83.6301381082203,154.25
95.80187889597993,93.81364506296512,93.98404119849285,91.2414379544733,94.64142856064674,96.13532129243653,154.7
105.84894897919392,108.16653826391969,108.40664186294121,104.99523798725349,101.1385188738692,100.64790112068907,155.0
162.36070953281768,167.93153366774212,150.41608956491322,163.27277789025337,165.0848266801041,158.3729774930054,158.25
223.80571931923458,215.61539833694627,226.45970944077445,221.3820227570432,215.7614423385235,215.87264764207626,160.45
158.35403373454054,156.11854470241516,158.11388300841895,154.69324484281788,153.2122710490253,154.77725931156684,157.3
367.30641159663963,356.18674877092207,361.36546597592866,354.05225603009507,356.70716281005633,363.0674868395682,166.9
88.10221336606703,89.8999443826302,94.30270409696638,87.84645695758026,83.81527307120105,85.47514258543241,154.2
394.97468273295686,376.9615364994153,387.07234465923807,386.38969965567145,386.6846260197061,391.72056366752054,168.95
137.20058308913997,134.71822445385777,132.43866504914644,129.28263611173776,133.41664064126334,138.6001443000692,156.1
124.39051410778879,121.26417442921878,125.7179382586272,123.97580409095958,118.90332207301864,118.20744477400736,155.85
92.78469701410894,93.2308961664533,92.61749294814669,91.23595782365636,90.47098982546837,89.87213138676529,154.45
263.7062759966095,263.9412813487121,262.6194966105906,262.48238036104436,255.92381678929374,253.80504329110556,162.6
131.18307817702708,126.77933585565118,132.23085872821065,127.13772060250255,126.53062870309307,127.94139283281231,156.05
113.44161493913951,112.2541758688736,112.0446339634344,110.94142598686929,110.02272492535349,111.8257573191436,155.25
237.19190542680835,236.5967032737354,234.61031520374374,235.6374333589636,232.12496634356242,228.73784120691533,161.35
271.4129694764051,269.59599403551977,265.83077323741134,262.78698597913865,264.7508262498911,263.47295876427245,162.65
106.6770828247567,104.2784733298297,107.61505470890215,104.65180361560905,102.55242561733972,104.29285689825552,154.9
202.48456731316588,200.48940121612412,196.66468925559562,197.3676771915807,198.11612756158948,198.60010070490898,159.85
191.10729970359586,190.39432764659767,193.61043360315063,187.42731924668823,183.09833423600554,186.76188047886,159.25
174.89711261195825,174.4276354251241,173.94826817189067,170.66048165876012,168.86681142249356,174.64249196572982,158.1
211.69789795838787,209.05740838343903,207.58853532890492,204.68756679388227,206.32013958894075,210.20228352708256,159.9
250.88842141477954,269.63122964523234,254.6291420870753,253.5527558517162,243.9200688750313,238.64827675891564,163.0
142.07744367069668,142.2989810223531,145.89036979869508,144.5441109142811,136.40014662748717,132.83448347473634,156.95
90.24965373894794,91.0659101969557,88.58893836140041,89.84430978086479,89.02246907382427,87.66413177577246,154.4
211.51359294381058,207.1955597979841,206.70752284326758,209.61870145576228,205.18528212325558,207.06037766796427,160.2
89.88882021697692,89.47066558375433,92.45539465060976,89.44271909999159,86.33075929238663,85.60373823613078,154.25
103.39245620450264,102.17631819555841,101.6070863670443,102.59142264341595,101.23734488813898,100.60318086422515,155.1
87.23531395025755,86.92525524840292,85.70297544426332,86.53900854527973,85.23496934944014,86.82165628459295,154.15
229.88910370002318,235.74774654278247,232.69937687926884,219.92044015961773,219.17344729688404,232.89911979223967,160.45
148.94629904767692,144.08677940741129,148.69095466772688,146.93195704134618,143.37712509323097,145.43727170158274,156.85
202.35612172603032,196.20907216538183,200.3596765818911,200.11246837716038,196.95684806576287,196.01020381602584,160.1
252.23203603031868,257.2353008434107,246.2945391193236,245.32631330536069,247.55201473629742,251.64459064323242,161.75
203.08126452235814,213.8621051051354,192.753728887407,200.09247861926244,200.124960961895,201.72506041639943,159.9
98.97979591815695,98.61541461658008,100.60318086422515,97.0463806640928,96.77293009927931,96.79876032264048,154.7
305.8120337723812,302.20026472523153,312.05768697470023,300.53286010018934,296.56871041969345,297.40544715926103,164.25
186.9545399288287,182.52944967867515,184.74035834110526,183.46934348822418,181.29809706668186,181.4717608885746,158.7
126.49110640673516,132.28000604777728,126.81088281373958,127.26350615946428,123.00406497347963,121.03718436910204,156.45
103.35376142163379,103.31021246711285,103.00485425454471,102.15674231297709,100.08995953640905,100.40418317978587,154.8
269.45314991664134,275.5449146690971,254.92155656201382,270.20362691866296,267.1666146808018,262.5604692256624,163.25
204.08331631958552,195.7779354268504,205.84703058339215,199.01004999748127,196.06376513777352,198.90952717253137,159.15
191.26944345608368,188.875620449014,191.5411183010061,185.72291188757515,184.81612483763425,187.8430195668713,158.95
265.51459470243816,259.4224354214569,256.2576828116574,263.7612556839992,263.74609001841145,256.76643082770767,162.85
125.7179382586272,126.26955294131676,121.59358535712316,121.7579566188592,123.32882874656678,125.03199590504823,155.9
405.4232356439379,407.3573369905101,391.61843674679056,395.03544144797945,398.6640189432701,408.2070553040454,168.7
186.62529303392932,195.50959055759895,182.52944967867515,180.36074961032958,184.20097719610501,186.06719216455116,158.85
331.5448687583628,343.0801655590133,322.25610932921035,322.8947196842958,326.35257008333787,329.8196476864288,165.65
158.31929762350515,154.02921800749363,154.20765220960988,156.5439235486322,156.01602481796542,155.3962676514465,157.5
181.24568960391858,175.775424903483,186.23103930333417,179.62739212046696,173.25414857947845,178.05897899291682,158.35
225.41073621280773,222.0923231451281,215.24404753674375,220.6558406206371,225.0622136210341,222.8542124349459,161.1
150.11995203836162,147.85127662620977,148.75819305167695,145.8800877433243,145.0,149.05368160498418,157.5
169.1685549976709,171.32717239247253,162.8895331198417,166.0873264279969,166.20770138594662,168.15469068687915,158.1
171.81967291320282,181.23189564753773,162.78820596099706,165.8463143998081,171.91858538273286,171.40595088852663,158.65
236.4254639415983,239.82702099638402,226.29184695874488,227.60711763914588,235.05318547086318,237.49736840647307,161.35
182.23611058184932,175.51353224181892,185.80096878111263,177.86792853125598,176.20726432244498,180.06943105369106,158.6
250.69702830308938,238.51624682608104,252.9229131573492,247.92337525937324,243.0020576044573,243.34337878808208,161.8
95.41488353501249,93.98404119849285,95.13148795220225,96.17692030835673,92.57429448826494,92.00543462209177,154.6
224.53730202351682,229.8695282111137,225.63909235768523,225.32199182503246,216.4116447883524,215.40659228538019,160.9
225.80744009000242,239.77697971239857,207.06037766796427,226.04645540242385,228.03508501982756,220.1181500921721,161.45
229.88910370002318,232.1055794245369,222.61176967986216,222.14409737825585,227.1783440383348,230.1521236052364,160.7
136.06616037795732,137.90213921473443,131.70041761513136,132.0340865079923,134.01492454200763,135.36617007214173,156.75
128.47178678604885,123.03251602726816,126.82271089990152,126.12692020342051,125.67418191498206,125.0,155.85
200.9601950635996,192.83671849520772,201.2063617284504,194.11594473406868,191.637678967368,198.11360377318871,159.05
246.73872821265815,253.7971631047124,250.95417908454917,249.09837414162303,239.5349661322956,237.48894711122875,162.05
257.59852484049674,262.6118809193522,254.6369965264278,252.93675098727746,252.12100269513448,250.39169315294788,162.3
134.07833531186162,132.07573584879245,129.86531484580476,129.98846102635417,130.77079184588584,131.94695904036593,156.3
138.06158046321215,132.9135057095403,137.80058055030102,133.33041663476493,133.41664064126334,139.03237033151672,156.2
208.16579930430458,202.0544481074346,199.21094347449886,204.02205763103169,204.26698215815497,207.06037766796427,159.95
236.78260071213,228.84929538890876,239.4201328209472,232.42202993692314,228.00219297190984,231.9698256239376,161.45
280.223125384041,265.9793225045887,283.6212262860451,283.14837100008185,268.40454541605664,266.69270706189167,163.15
191.449732305898,195.7268504830137,191.37659209004642,188.21530224718708,185.31055015837603,185.56939402821789,159.0
79.6303962064738,76.02631123499285,76.02631123499285,78.85429601486528,79.07591289387686,80.02499609497022,154.0
117.33712115098105,110.90987332063814,116.60617479361888,113.63538181394031,112.0044641967453,115.67627241573787,155.2
107.82393055347221,109.11003620199196,99.85990186255944,106.77546534667972,108.46197490365,105.1189802081432,155.25
156.0833110873805,156.18578680533003,153.3786165017797,151.34728276384746,150.63200191194434,153.7010084547268,157.15
182.03571078225283,177.65415840897168,181.1573901335521,180.71247881648904,178.05897899291682,176.13914953808538,158.65
251.38217916153087,253.23704310388715,254.12595302329902,248.96586111352696,241.6712643240814,245.05101509685693,162.6
342.0935544555027,356.06319663790015,343.4020966738555,335.18054836162554,333.5101197864917,336.72540741678523,166.35
81.8413098624405,87.55569655939013,77.98717843338096,80.62257748298549,81.00617260431454,81.5659242576212,154.25
218.7647137908671,213.35885264033456,220.7917570925147,219.49259668608414,211.51359294381058,204.9634113689563,160.5
145.12063946937388,143.60013927569847,145.8012345626744,144.08677940741129,140.2355161861645,139.52060779684126,156.85
258.4898450616581,267.02996086581743,265.409118155349,258.5652722234755,250.69702830308938,249.6337316950576,162.9
99.47864092356708,94.3716058992322,98.60020283954796,97.50897394599123,95.85405573057407,97.082439194738,154.5
129.1394595001853,135.00370365289984,128.68954891520912,127.90621564255585,124.48293055676348,123.97580409095958,156.4
159.10059710761615,161.01242188104618,158.8238017426859,155.7562197795003,155.36408851468863,156.7322557739791,157.65
90.78546139112804,93.2148056909416,92.02173656261871,89.20201791439474,88.75246475450695,89.10667763978184,154.6
146.32156368765337,144.02777509911067,146.2908062729849,143.024473430249,143.5687988387449,144.13882197381798,156.85
144.9034161087999,146.68674105044394,146.1677118928801,142.07744367069668,140.80127840328726,140.45995870709916,156.9
106.4377752492037,110.69326989478628,106.78014796768171,104.92378186092986,103.81714694596457,102.21545871344509,155.2
274.14777037211155,278.6431409527247,270.44038160008574,273.18308878845335,266.98689106396216,262.73941462978104,163.15
225.24875138388668,215.08137994721903,220.6399782451041,219.72937900972642,221.38653978957257,226.9273011340857,160.4
271.3595400939499,277.49234223668225,267.4789711360503,263.7366110345699,267.15164233071823,275.87859648765794,163.05
280.8932181452589,280.02856997099417,274.57785781085846,270.0981303156317,275.5721321178903,276.6604416970377,163.2
244.65894629054543,249.3290997858052,242.68704126920326,249.4193256345626,236.4254639415983,230.4886114323222,161.9
91.3892772703669,91.67878707749138,90.55385138137414,91.39474820797966,88.60022573334675,87.65842800324451,154.4
199.1105220725414,203.06649157357305,200.06249023742558,195.4942454396037,192.10674116230282,192.62658175859326,159.3
201.6928357676593,198.2977559126679,199.20090361240838,198.63534428696215,196.57314160383152,193.09324172533852,159.45
174.54225849346625,174.0028735394907,172.88724649319855,172.4093964956667,171.40011668607463,168.23792675850473,158.3
165.46903033498444,154.20765220960988,165.67739737212196,161.31026005806325,160.02812252851058,162.18816233005415,158.2
137.78606605894515,138.67948658687772,139.6710420953463,135.72398461583714,132.90974381135493,132.82319074619465,156.55
124.61942063739504,126.24183141890805,124.48293055676348,120.95040305844375,120.44085685513866,124.32618388738553,156.15
107.54068997360952,110.01818031580055,107.0420478129973,107.5174404457249,105.08092119885514,101.965680500843,155.2
219.23731434224428,238.39882550046258,208.3866598417471,211.8962010041709,221.35943621178654,221.06333933965627,160.8
105.09519494249012,107.78682665335316,103.17460927960909,101.3903348450926,101.24228365658294,103.58571330062848,154.95
236.57979626333267,236.3154671196957,236.6030430911657,228.40534144367115,227.771815640127,235.64804263986576,160.75
192.77447963877376,186.4537476158632,191.91925385432282,187.8004259846074,187.41664813991315,190.68822721919673,159.0
168.25278600962304,169.04733065032408,164.83021567661675,165.74679484080528,164.12495239907915,166.09033686521317,157.95
127.47156545677156,128.9961239727768,125.67020331009256,127.34991166074673,123.45444503945576,124.88794977899187,156.15
101.0198000393982,100.31948963187565,93.91485505499115,101.65136496870072,100.96038827183659,98.38699100999077,155.05
155.30936868070773,157.41982086128797,156.82155464093574,153.11433636338563,150.78461459976612,152.8201557386983,157.35
145.89036979869508,143.20963654726592,149.2648652563623,144.69968901141425,138.351002887583,140.61649974309557,156.7
136.85028315644803,135.5949851580065,138.67948658687772,133.70115930686615,130.97327971765844,133.77593206552515,156.25
170.0,177.65415840897168,169.81166037701888,173.01156030739682,164.75739740600417,160.75136080294936,158.35
147.56693396557372,143.2934052913811,143.8401890988746,143.1258187749506,144.4749113168096,146.03081866510234,156.85
94.02127418834527,91.04943712072028,94.04786015641186,92.13576938409969,90.44888059008801,91.35097153287424,154.7
104.47966309287182,101.82337649086284,100.01999800039991,102.00490184299969,102.0196059588548,105.1189802081432,155.2
170.55790805471318,172.17723426748384,169.61426826773746,166.11140839809892,165.8463143998081,166.41213898030398,157.95
121.01652779682615,121.70866854912184,125.89678312014172,118.20744477400736,114.52947218947621,116.18089343777659,155.55
241.60298011407062,239.10248848558643,245.09793960782292,240.2602755346793,233.49946466748054,230.24334952393303,161.95
179.78042162593792,177.54436065389405,179.44637081869334,174.92855684535903,172.4093964956667,173.40415219942108,158.3
250.10797668207226,260.28445977430147,238.04621400055916,246.9757073074192,248.5678981686895,246.10770000144245,162.1
364.7423748346221,345.35778549208936,358.4243295313531,355.2365409132343,355.178828197853,354.3585754571208,166.8
198.3053201505194,196.37973418863768,199.94499243541958,194.09533739891845,192.41881404893857,194.85892332659543,159.4
190.24720760105785,189.62331080328704,188.50994668717087,187.18172987767795,186.5261375786246,187.00267377767625,159.35
321.67219338948155,330.3967312186972,321.5493741247213,320.6321880285883,312.27231705676377,313.2491021535417,165.65
319.5559418943732,336.590255355083,318.2860348805772,310.291798151353,313.46610662079564,315.9018835018241,165.5
395.83456140160376,380.87530767956076,389.0822535146008,388.1043674065006,386.846222677694,393.57337308308854,168.95
91.18113840043894,90.55385138137414,91.67878707749138,88.32326986700619,88.05679985100527,89.00561780022652,154.25
174.92855684535903,173.21951391226105,175.6359872008012,171.40595088852663,169.09760495051373,171.81385275931626,158.4
326.4613300224086,334.970147923662,313.2091952673165,314.02547667346994,319.61539387207245,330.9048201522607,165.7
279.06271696520116,283.09892264012586,279.29375216785644,280.0803456153252,271.0295186875408,266.5107877741537,163.4
141.0319112825179,146.98639392814562,137.05838172107534,141.35416513141737,137.64083696345355,135.5949851580065,156.9
326.5884260043518,320.43252019731085,333.5880693310238,327.3912033027155,314.68237955119133,308.4833869108675,165.6
120.7393887677091,119.54078801814885,122.91867230002121,118.96217886370441,114.96521212958292,115.67627241573787,155.8
371.61808352124086,379.3323081415555,365.25607455592035,369.3846233940985,362.4058498424108,356.11795798583364,167.65
411.1800092416945,402.0460172666805,406.6165269636737,407.8480109060237,399.4621383810986,392.4754769409167,169.15
126.57408897558771,125.92458060283545,125.0959631642844,125.7179382586272,124.31009613060397,121.80311982868089,156.05
327.98323127867377,341.71625656383395,313.34485794408687,320.0624938976762,324.45030436108385,327.8246482496397,165.6
271.64867016055865,264.8811054039151,274.15506561068685,262.94486114012574,261.0766171069328,268.7042984397533,162.85
163.71010964506743,168.1814496310458,162.5423021862309,162.85576440519384,158.9591142401089,155.9262646253029,157.85
143.17821063276355,140.03570973148243,140.66271716414408,137.99275343292487,140.73023839957068,144.53373308677806,156.65
233.0021459128649,221.7408397206072,230.67292862405853,230.5515126820902,226.38462845343545,227.78279127273862,160.75
97.59098319004681,99.08077512817509,98.60020283954796,97.0,96.67471230885563,95.77577981932592,154.95
219.85904575431962,216.31689716709602,219.49487465542333,215.60148422494686,213.56029593536343,213.5883891975404,160.7
274.15506561068685,260.75659147948693,269.5848660440716,265.7705777545739,266.50703555441083,270.11293934204633,162.5
133.76471881628578,133.5402561027947,132.87964479181903,131.18307817702708,129.80754985747168,132.60844618650805,156.35
227.62249449472256,225.49722836434154,228.4841351166422,224.8399430706208,221.94819215303374,222.14634815814549,161.0
199.1230775173988,198.80643852752857,198.90952717253137,197.48924021323288,194.4273643292014,194.7331507473753,159.5
87.92041856133307,85.0881895447306,85.0,86.83317338436964,86.12200647918046,86.4060183089118,154.25
118.96217886370441,118.98319209031165,113.46365056704285,116.7261752992875,119.23925528113634,117.0,155.9
198.4943324127921,196.54261624390782,199.22349259060792,199.44924166313598,193.03885619221847,190.12890364171355,159.9
197.9520143873257,192.27064258487306,198.17164277464119,191.38442987871295,190.82976707002499,199.40912717325654,159.2
213.33541665649426,210.3188056261256,210.06903627141244,211.62703040963365,207.0193227696391,203.76947759662139,160.4
305.8954069612684,306.91041038061906,291.04295215655026,302.026488904533,304.0263146505578,301.86255150316344,165.2
125.93649193144932,126.2101422231985,122.5275479229059,125.32358118087751,124.32618388738553,124.72369462135092,156.25
179.97777640586628,186.23103930333417,177.7104386354386,181.3339460773961,173.80736463107655,175.231275747225,158.95
149.0,155.08062419270826,149.4121815649581,146.29422408283932,145.04137340772803,145.09651959988562,157.1
294.71511668049874,299.34762400927787,288.4441020371192,291.547594742265,287.50130434486726,287.2786104115655,164.15
176.50212463310464,171.3038236584344,180.0,171.81385275931626,168.86088949191284,172.5340546095176,157.95
215.7452201092761,209.50656314301943,219.00913222968583,211.5703192794301,206.73654732533387,210.64187617850348,159.7
150.4460036026215,149.8966310495336,150.74813431681338,145.4269576110289,145.89036979869508,147.0850094333206,157.25
370.6116565894818,376.3960679922148,371.7041834577599,364.47908033246574,358.9331414065857,357.11342735887155,167.6
340.87241014784405,340.73156589902266,335.2924096963723,334.57435645906867,332.5612725498867,326.5348373451139,166.2
96.15092303249097,98.84331034521256,96.51942809610924,96.93296652842108,93.637599285757,92.78469701410894,154.75
124.90796611905905,124.08464852672148,120.80149005703531,122.65398485169571,123.30855606972293,120.37026210821342,155.9
97.24710792614864,97.16995420396162,97.20082304178293,96.66436778875658,93.1074647920348,92.65527507918802,154.65
202.5882523741197,203.48218595248088,202.20039564748632,196.84765683136794,198.3859874083853,201.8539075668341,159.35
263.68541863364385,262.5147614897113,260.8696992753279,259.32604959779883,257.47232861028,251.41201244172882,162.55
107.35455276791944,108.70602559196064,103.24727599312244,105.94810050208544,106.56922632730331,104.44615837837216,155.2
413.4017416509031,421.1424937001727,408.53396431630995,405.7647101461634,400.35234481641294,403.24310285484114,169.35
102.88342918079664,97.6933979345585,105.20931517693668,100.22474744293447,98.79271228182778,99.98499887483122,154.65
96.93296652842108,100.34440691936943,97.12878049270464,96.16652224137044,94.11163583744572,93.91485505499115,154.65
270.49029557453633,272.7379694871985,265.1980392084376,269.2582403567252,265.81948762270986,263.51850029931484,163.2
111.48542505637228,115.00434774390055,109.41663493271945,110.67971810589329,108.81176406988355,108.78419002777932,155.35
237.60681808399357,240.8817137102773,232.04525420701884,231.48650068632512,232.4327859833892,232.9377599274106,161.2
398.1017457886865,392.82184256988563,376.66563421687414,391.46136463257784,395.4099138868422,391.71673438851195,169.75
235.30618351416095,235.77107541002565,233.84824138744338,227.1783440383348,226.1083810919003,233.43735776434758,160.75
141.8344104933637,142.46754016266303,139.46325680981354,139.9785697883787,136.97079980784227,139.03237033151672,156.8
95.63472172804184,95.01578816175764,89.82204629154249,94.0,95.00526301210895,95.56673061269804,154.75
109.60383204979652,104.21612159354231,109.63576058932597,106.89246933250256,106.02358228243376,108.81176406988355,154.9
170.06175348972505,180.24705268048078,157.20368952413298,168.86088949191284,173.61163555476344,169.1685549976709,158.7
189.17187951701493,185.64751546950473,190.82190649922768,186.07794065928397,183.1092570024793,185.21878954360974,158.8
241.49534156997726,238.71740615212792,242.1425200166216,240.30813552603664,235.37629447333904,235.30830839560252,161.45
309.4915184621382,313.9490404508349,317.1513834117707,310.30468897520706,298.48450546050117,296.95117443781896,164.9
123.54756169184401,123.06502346320828,125.4312560727987,122.65398485169571,119.23086848631105,118.43141475132349,155.95
133.76471881628578,133.82451195502264,134.03357788255894,131.18307817702708,130.38404810405294,129.84991336154215,156.3
200.53179299053804,200.8830505542964,198.9623079882217,193.59752064528095,194.83326204732086,199.5294464483877,159.35
160.80111939908875,164.45060048537368,161.94134740701648,157.54364474646385,157.28000508646988,157.49285698088025,158.0
103.46980235798269,103.83159442096613,103.07764064044152,101.84301645179212,100.0,101.07423014794622,154.85
173.11845655504212,171.73234989366446,176.40011337864837,171.77310616042314,166.20770138594662,162.82813024781686,158.05
171.49344010777787,168.35973390332975,170.8156901458411,168.54969593564982,166.67633305301624,168.23792675850473,158.1
242.24987100099762,263.75936002348806,220.62184841941647,242.1425200166216,247.67922803497268,238.29603437741048,163.15
324.2298567374695,317.81283800375337,313.1788626328412,312.29633363201685,319.8280788173546,323.45942558534296,165.1
368.9783191462609,365.8742953529258,360.0277767061869,355.613554297358,358.62236405444656,362.93250061133966,166.95
110.30865786510141,110.02272492535349,108.90821823902914,108.78419002777932,107.28000745712127,108.2266141020775,155.2
193.20455481173317,189.65231345807518,190.2629759044045,187.55265927200287,187.9680823969857,188.15153467351792,158.9
345.89160151700713,353.41194094144583,337.69957062454193,335.7752224331033,340.19406226446694,340.3248448174185,166.35
84.05950273467003,87.32124598286491,83.73768566183328,83.64807230295268,81.43709228600933,80.0,154.15
130.24976007655442,125.23977004130914,130.43005788544295,128.03515142334936,124.78781991845196,127.58134659894449,155.95
178.46568297574746,175.75551200460254,179.56892826989863,175.91475208179668,174.24408167854654,174.4161689752415,158.45
189.84203960134857,190.5885620912231,188.76705220986,189.2828571212935,184.81612483763425,182.66088798645433,159.15
195.0717816599828,187.55532517100121,195.16659550240658,188.904737897174,189.11372240004158,193.0,159.0
293.61539469176336,299.5413160150032,290.6578744847626,292.93343953874574,285.32963393240465,284.29737951659,164.3
238.62313383240948,241.50569351466643,233.52944139872383,232.77456905770438,234.76371099469355,235.68835355188855,161.3
329.6209944769902,324.13885913293393,321.7405787276452,321.2537937519182,321.1619529147249,322.051238159396,165.3
107.56393447619884,105.30906893520614,104.65658125507444,106.73799698326741,105.99056561788885,104.69479452198185,155.25
327.0856157032896,330.58886853613205,323.45942558534296,320.689881349568,316.0775221365797,324.51964501398066,165.05
196.7739820199815,194.5507645834372,197.4740489279541,196.468827043885,189.76301009416986,186.30083198955398,159.25
206.24257562394826,196.02295783912655,206.78491240900533,199.1105220725414,199.74483722990192,206.00970850908942,160.3
103.4069630150697,109.29318368498559,105.54619841567008,102.35721762533407,101.0,100.08995953640905,155.0
364.0453268481825,357.77786404415804,360.32485343090065,356.72117963473937,353.9618623524292,353.5038896532824,166.85
195.0179478919825,191.40010449317938,191.9713520294109,183.09560344257318,190.4363410696604,197.9595918363139,158.95
191.85932346383382,195.2255106280939,186.13167382259257,187.12829823412602,188.904737897174,190.03157632351525,159.35
262.96767862229757,264.50330810785715,260.1691757299469,256.632032295269,255.21951336055798,255.3918557824427,162.4
160.15305179733542,159.24823389915503,160.06561154726518,158.24032355881985,154.9516053482506,152.2005256232711,157.65
82.76472678623425,83.19254774317228,84.31488599292535,84.69356528095862,79.12016177940993,79.61155694998057,154.05
82.46211251235322,85.16454661418682,86.27861844049197,81.27115109311545,79.07591289387686,77.15568676384133,154.1
237.22773868163054,236.91559678501542,240.35390573069537,236.64741705752888,229.02619937465667,226.45087767549057,161.5
146.32156368765337,146.48549416239138,149.56603892595405,146.7787450552702,140.42791745233566,140.06427096158393,156.95
322.665461430256,314.0859754907882,325.48425461149424,313.05750270517393,311.7899934250616,322.23283507426737,164.65
100.70253224224304,99.16148445843277,102.44998779892558,99.72963451251587,96.17692030835673,96.40020746865642,154.75
367.1797924722983,368.06113622603516,362.79470778940527,356.0407280073447,357.67722879713773,362.8911682584739,167.1
196.32880583347927,198.5673689204749,199.6922632452244,195.35864454894238,189.4333655932872,187.29655629509048,159.25
241.30685858466597,237.60681808399357,241.10785968109792,232.87979732042018,233.37951923851415,236.01906702637402,161.5
207.3475343475297,211.72859986312668,211.15160430363773,206.1674077054858,200.032497359804,194.7331507473753,160.05
336.88276892711514,335.86008991840635,331.7890896337612,323.6927555568706,328.49505323520475,332.5432302723964,165.35
248.1632527188504,252.57870060636543,254.420911090264,247.30952266340248,240.3372630284368,234.1367122003724,162.15
283.494268019655,284.19183661745114,289.66359798911566,287.452604789033,272.12129648375554,264.3217736017977,163.75
156.26259949200897,153.8440769090575,156.06408939919524,153.3786165017797,153.3786165017797,149.88328792764054,157.4
161.91355718407274,160.60199251565962,160.15305179733542,158.90248582070703,158.06960492137634,159.9312352231421,157.8
312.3203483604615,308.11199262605794,308.9546892345219,302.16717227389216,304.55377193526925,309.8031633150314,164.9
177.22866585290313,176.23280057923387,175.82377541163197,175.4194972059834,170.3907274472411,172.10461934532725,158.3
136.61625086350452,137.63720427268203,134.23859355639868,134.39121995130486,133.55523202031435,133.5402561027947,156.6
352.88099977187784,340.4717315725345,350.60233883988855,342.6499671676622,341.62113517755307,347.97988447610015,166.95
149.37536610833797,149.88328792764054,150.08331019803634,145.23085071705668,144.22205101855957,145.7737973711325,157.1
131.20975573485381,139.8320421076657,135.05924625881784,131.18688958886096,126.90941651429968,126.15070352558485,156.85
379.6853960847058,373.56793224258416,369.4319964486022,374.76926234684714,372.7760721934818,369.6281915655244,167.85
370.32553247109496,377.9550237792852,360.83929941180185,365.84696254034964,364.52297595624884,361.36546597592866,167.65
119.50732195141852,110.92339699089638,118.70130580579136,116.69190203266035,117.00427342623004,117.33712115098105,155.65
161.13658802394943,179.42407865166817,163.40440630533806,161.48374531202822,155.43809056984713,154.8709139896837,158.65
140.8900280360537,139.54210834009928,139.26952286842948,136.3084736911099,139.64598096615595,140.66271716414408,156.55
363.4556369077249,355.2421709200641,352.8469923352047,363.46389091627793,356.5459297201414,345.32593299664006,167.55
322.001552791287,309.594896598765,321.75301086392335,310.0774096899031,309.5561338432821,317.04416096184457,165.1
124.48293055676348,117.183616602322,122.67436570041843,122.38055401083948,121.4578116055118,123.54756169184401,155.9
175.82377541163197,176.22996340009834,173.67786272291585,172.01162751395614,170.29973576021774,175.02571239677897,158.2
164.58432489152787,164.24676556937123,160.8632960000509,159.53056133543816,159.3800489396336,162.40997506310998,157.6
265.2772134956186,286.1904959987316,268.83452159274486,263.0969403090808,257.78285435614214,258.15692901799093,163.7
254.95097567963924,260.0192300580863,256.01953050499884,247.42675683927155,246.9757073074192,250.56935167733502,161.8
156.0833110873805,156.0833110873805,155.08062419270826,149.69301920931386,150.88074761214563,155.20631430454108,157.15
165.4841382127,159.15401345866212,162.82813024781686,158.59697348940804,159.70284906663375,165.8463143998081,157.55
101.21264743103994,101.51847122568384,100.0,98.48857801796105,97.30878685915265,97.9081201943945,154.75
88.76936408468859,87.92041856133307,90.04998611882179,87.93179174792245,85.86617494683223,87.23531395025755,154.25
85.44003745317532,94.36630754670864,78.54934754662193,83.3606621854697,87.47571091451616,85.23496934944014,154.3
340.73156589902266,360.4719129141687,333.28216273902206,331.94276615103394,334.1751038003878,342.1184005574678,166.25
130.97327971765844,128.70508925446578,131.48764200486679,127.34991166074673,127.3459854098275,130.18832512940628,156.2
175.31685600648902,168.62087652482418,170.84788555905513,171.618763542918,170.66048165876012,172.69916039170545,158.05
276.7959537276512,258.1821062738469,278.8619730260833,266.7376988728815,265.70660511172844,273.6950858163149,162.7
195.24855953373898,186.30083198955398,198.92963580120482,190.46521992216847,187.10692130437081,193.28993765843063,159.45
272.9688626931651,273.3386178350948,268.486498729452,275.98007174432,267.9440240050149,262.23081436017395,163.6
169.49926253526885,163.3707440149551,169.14490828872147,162.36070953281768,162.34839081432253,169.8057713977944,157.55
375.31053808812777,350.70785562915466,371.35562470494506,372.550667695013,364.28148456928193,364.47908033246574,167.9
390.36009017316314,383.8971216354715,390.4100408544842,386.4298125145109,377.385744298854,372.17469016578764,168.75
169.729196074217,178.3535814050281,165.94577427581578,167.35590817177626,166.90416411821482,167.7647161950331,158.25
97.06183596038144,101.55294185792944,97.65244492586962,98.2344135219425,94.92101980067429,90.7358804442873,154.9
344.4009291508953,375.06532764306536,340.61708706405204,341.98976592874817,338.91739406527955,342.06724485106724,168.75
410.7578362003578,420.6304791619362,406.3114568899085,401.63291697768,400.3560914985558,406.52798181675024,169.85
376.12364988125915,372.7760721934818,380.19600208313614,365.4654566439898,361.47060738046173,365.9207564487153,167.9
390.53040854714493,386.0803025278548,389.0822535146008,381.62416066072126,378.63570882841987,383.9856768162063,168.6
174.25555945220225,174.61385970191483,171.3300907604966,173.21951391226105,170.83617883809038,173.46181135915768,158.55
325.38285142275095,326.9281266578329,322.02484376209236,318.8228348158268,318.8510624100224,316.45694809878955,165.2
239.01882771028733,229.53213282675696,239.79366130071082,233.84824138744338,232.07110979180501,232.39836488237174,161.3
203.3937068839644,196.01020381602584,199.32385707686882,202.71408436514716,198.65548066942424,196.82479518597245,159.8
330.26050323948823,333.3136660864658,332.03915431767985,325.3459696999488,320.82549773981486,318.72872478018036,166.2
104.1009125800538,105.70241246064349,104.01922899156678,102.41581909060729,101.13357503816424,103.00485425454471,154.9
142.46754016266303,141.8344104933637,142.52368224263643,139.1402170474087,138.6001443000692,140.8900280360537,156.7
226.1083810919003,224.95555116511352,217.70163067832084,222.17110523198104,225.20435164534453,223.7789087470041,160.95
223.22410264126947,212.13203435596427,225.257630281418,214.1074496602115,215.3531982581173,224.66196829904254,160.2
146.29422408283932,152.2005256232711,143.69411957348845,139.84634424968002,144.1006592628916,149.21461054467824,156.85
226.29184695874488,226.3647499059869,223.83252668010516,221.5423210133901,219.8294793698061,223.46588106464927,160.7
105.55093557141028,106.89246933250256,104.84750831564857,103.81714694596457,102.45974819410792,102.5768004960186,154.95
183.48024416813928,172.2353041626484,184.0244548966251,181.6480112745526,178.03651310896873,176.70597047072292,158.6
144.9310180741169,141.4496376806954,143.6175476743702,138.0507153186828,140.4314779527724,144.9206679531943,157.1
303.4007251144928,303.8486465331053,284.5434940391363,295.7110075732725,308.97410894765926,299.3008519867593,164.75
221.14474897677312,226.52593670482858,217.95412361320442,216.6887168266959,215.2881789602021,216.60101569475611,160.95
129.7112177107285,128.37834708392222,127.58134659894449,129.24395537122808,126.28935030318272,125.64234954823156,156.15
250.40966435024032,254.26167623139747,241.8677324489565,241.6795398870165,247.6449070746257,248.3646512690564,162.25
165.60495161679194,166.5322791533221,166.0120477555771,162.8649747490233,161.3071604114337,162.01234520862909,157.85
140.45995870709916,146.48549416239138,141.4496376806954,136.70405992508051,136.61625086350452,139.29106216839614,156.6
239.41595602632668,229.26840166058642,239.61636004246452,230.76394865749717,229.9934781684037,234.957442955102,160.9
92.34717104492157,91.52595260361949,91.28526715741155,90.02777349240624,89.82204629154249,90.07774419910835,154.4
139.60659010233005,138.3979768638256,139.01438774457844,139.9785697883787,135.08515832614626,132.6386067478093,156.55
174.4706279005151,183.8477631085024,176.23280057923387,168.46661390317072,168.07438829280326,172.80335644888382,158.15
242.39636960977776,246.48326515201802,236.57979626333267,241.96280705926685,238.88281646028872,232.24555969921147,161.8
222.72853431924702,219.49259668608414,217.16583525039107,218.38727069131116,217.46953809671828,215.07673049402626,160.4
95.524865872714,92.35799911215055,94.81033698917012,94.36630754670864,92.19544457292886,92.0869154657707,154.5
355.79347942310585,347.1138141877963,354.6223343220221,351.72716699168967,342.05262752974136,339.47753975778716,166.8
300.647634283059,299.6414524060381,303.29028998634294,297.41049073628864,288.9792380085462,286.8449058289165,163.95
358.9540360547573,351.3360214950924,354.8873060564438,352.4769496009633,346.5544690232691,348.1680628661969,167.4
93.72299611087985,86.72946442818609,94.79451460923254,89.62700485902674,89.88882021697692,96.16652224137044,154.05
174.88853593074646,176.11927776367924,165.4962235218677,170.48460341039598,174.26416728633572,176.26400653565094,158.6
358.09635574800257,364.44066732460027,344.0712135590538,351.6887828748594,352.49539004077764,353.2039071131575,167.85
368.8807395351511,363.719672275229,369.33047531986847,357.4716771997468,355.98314566844317,356.7085645173101,167.0
161.01242188104618,154.2886904474855,160.31219541881399,157.09869509324386,155.59562975867928,158.14550262337528,157.4
86.35392289873111,88.11923740024082,89.05054744357273,85.61541917201598,83.57032966310472,82.92767933567175,154.1
115.95257651298657,118.70130580579136,117.99152511939151,116.37869220780924,111.97321108193691,110.05907504608605,155.55
139.43098651304166,138.6542462386205,138.40520221436765,135.08515832614626,134.7367804276175,138.45215780189199,156.35
230.8354392202376,231.7951681981313,228.32433072276814,228.72035327010144,225.88713996153038,224.0401749686873,161.35
259.47061490658245,249.5596121170251,261.01532522057016,250.40167731067615,251.24689052802222,254.09643838511397,161.7
154.74172029546523,158.5181377634749,157.0,154.7287949930458,149.27156460625713,149.37536610833797,157.35
119.23086848631105,116.76472069936192,117.72000679578642,117.64352935882195,117.04699910719627,115.83609109426992,155.7
97.50897394599123,94.36630754670864,97.41663102366043,97.14422267947796,94.24436322666729,95.01578816175764,154.6
94.3716058992322,93.03762679690406,91.80958555619343,92.11405973031479,92.0271699010678,92.28217596047462,154.4
173.5655495770978,174.54225849346625,170.3437700651245,168.07438829280326,171.08185175523442,172.90459797240788,158.15
95.63472172804184,96.64884893261794,95.71311299921238,98.08159868191385,93.14504817756014,89.8999443826302,154.75
279.7320146139873,280.0803456153252,274.23530042647684,274.04561664073367,274.0894014733149,271.53268679847736,163.35
320.78965070587924,319.3305497443049,320.7553584899245,316.7159610755353,309.5884364765584,315.1840732016769,165.0
304.7113388110131,305.6354037084055,290.9467305195231,296.3865718955567,302.539253651489,307.8830946966722,164.25
201.1889659002203,188.85444130334872,196.468827043885,190.51509126575772,195.88772294352702,205.0,158.8
398.58876050385567,359.4342777198636,411.51670682974714,386.16317794424685,381.24270484823705,383.9856768162063,167.75
99.32774033471212,107.00467279516347,94.93682109698008,96.69022701390249,99.82484660644363,99.92497185388643,154.9
215.3346233191495,215.87033144922904,209.02152999152986,210.3806074713161,211.92923347193042,213.01643129110957,160.1
134.52509059651288,144.15616532080756,124.84390253432484,131.60927019021113,136.0,135.5912976558599,157.05
108.72442227944923,106.62082348209472,111.28791488746657,108.78419002777932,104.20172743289815,104.484448603608,155.1
348.62157133487887,355.1746049480452,341.48059974177164,340.9310780788398,345.32448508612885,341.82597911803015,166.8
152.2005256232711,154.77725931156684,147.05441169852742,146.01369798755184,149.69301920931386,153.68799562750505,157.1
95.29428104561156,93.94147114027969,93.47726996441436,92.70382947861431,92.47702417357513,92.64987857520376,154.4
240.33310217279686,240.28524715429367,243.7416665242117,232.3553313354355,230.8354392202376,237.15395843207006,161.4
218.89266776207924,213.506440183897,213.49004660639332,214.7091055358389,214.21717951648972,215.20455385516362,160.35
118.96217886370441,122.61321299109652,121.24768039018312,117.68602295939822,114.42464769445436,116.45600027478187,155.75
128.4445405612866,127.45587471748802,129.65338406690356,130.29965464267354,124.91997438360286,123.06502346320828,156.25
124.77579893553076,122.24974437601088,119.26860441876563,121.63058825805292,123.03251602726816,123.82245353731285,155.85
142.07744367069668,141.315250415516,141.0319112825179,139.17614738165446,138.6001443000692,139.54210834009928,156.75
122.7762191957384,120.20815280171308,122.58874336577564,120.60265337047936,120.5404496424333,120.3411816461846,155.9
330.54197917964973,328.2026812809426,332.12196554880256,328.1539272963223,313.80567235153666,314.72051092993604,165.3
257.65092664300664,258.8609665438187,265.75928958363806,256.0820181113856,246.73872821265815,248.2680003544557,162.1
171.29214809792072,169.5228598154243,168.1190054693401,170.29973576021774,168.30923919975396,167.57386431063762,158.15
258.58847615468096,272.62428358456987,247.68124676688785,257.62375666851847,258.8609665438187,251.03187048659774,163.2
254.95097567963924,261.6295090390226,251.87298386289865,248.48541204666316,247.95160818191926,251.66843266488547,162.15
335.85860119996926,335.4772719574308,331.710717342687,334.62815183424124,326.11194397016493,320.53860921892084,166.0
192.26284092356482,194.164878389476,192.00260414900623,190.68298298484845,186.3249849054066,185.88437266214714,159.25
207.76188293332345,205.23401277566052,212.60291625469296,206.51876428063386,198.59506539690258,202.08908926510605,159.95
251.34040662018512,246.46500765828807,244.07375934335914,239.73527066328808,247.19425559668656,255.47798339583,161.55
189.69449122207,184.70787747142785,185.60711193270583,186.93581786270923,183.09833423600554,184.44782460088814,158.9
108.68762579061149,110.30865786510141,110.11357772772621,107.54068997360952,104.67568963231147,105.1189802081432,155.35
372.9772111000885,363.5560479485935,370.0054053659217,360.43584727382483,364.81913327017264,368.2078217528791,167.15
176.70597047072292,176.87566254292872,180.64883060789518,173.85051049680584,169.008875506584,169.81166037701888,158.1
171.32717239247253,174.1522322567242,177.42885898297382,170.0,162.96318602678338,162.63148526653748,158.0
156.0128199860511,158.14550262337528,155.62133529821674,154.3502510525979,151.8189711465599,153.15351775261317,157.6
162.8158468945821,163.7192719260625,159.84992962150469,161.75598906995683,161.91973320136125,160.87883639559303,157.85
198.21705274773913,195.2050204272421,193.15537786973468,195.34584715319647,196.3058837630701,196.5120861423032,159.75
93.2952303175248,99.16148445843277,95.80187889597993,94.847245611035,90.37698822156004,89.62700485902674,154.75
389.46373387004854,369.8350983884574,394.82781057063346,389.3700039807895,377.33009421460144,372.6472863177726,168.8
339.6954518388493,333.29416436535456,341.9853798044589,333.65401241405743,329.9712108654329,330.9456148674583,165.9
323.6309626719916,347.4377642110886,325.8297101247828,321.56181365330065,316.9921134665656,313.14054352638533,166.5
170.57842770995398,170.8156901458411,169.28378540191025,169.81460479004744,167.93153366774212,166.41213898030398,158.25
192.30184606498193,195.8621964545481,197.4740489279541,189.9736823878508,184.0543398021356,185.9247159470736,158.95
147.58048651498612,133.41664064126334,143.7358688706476,148.06079832285116,143.96180048887967,142.04224723651762,157.1
161.9660458244258,158.80806024884254,167.58579892103032,162.22515218054198,154.983870128475,151.95394038984313,157.75
91.9238815542512,89.15716460273958,92.00543462209177,89.8999443826302,88.63972021616495,89.05054744357273,154.3
118.68024266911488,113.74093370462543,117.64777940955791,118.00423721205946,115.44695751729448,116.77756633874505,155.7
141.15594213493102,139.31618714277243,142.24275025462634,137.61177275218859,134.9518432626987,140.08925726121902,156.85
134.40610105199838,139.03237033151672,139.54210834009928,134.3726162579266,128.86038956948718,130.0,156.5
314.5313974788527,308.86890422961,310.09837148879063,310.01451578918045,307.7027786679867,303.7268509697488,164.65
164.83021567661675,162.26213359869269,161.02794788483146,159.2388143638353,161.91355718407274,164.61470165206998,157.8
113.59577456930342,113.59577456930342,113.99122773266373,110.30865786510141,111.0,112.50777750893492,155.3
211.15160430363773,211.0781845667619,209.86185932655795,205.91260281974,206.4945519862449,208.47062143141414,160.55
239.77072381756702,239.0083680543424,228.21481108815,234.40136518373782,238.6063704095094,240.28524715429367,161.25
174.1522322567242,175.35392781457733,170.80105386091742,169.66437457521837,170.6985647274165,172.79467584390443,158.1
210.6395024680793,205.5066908886424,209.40391591371926,206.86469007542104,205.05608988762074,202.89159667172024,159.85
199.32385707686882,197.4664528470596,202.42529486207988,196.47391684394142,190.70920271449933,193.34166648707668,159.15
89.00561780022652,94.02127418834527,84.31488599292535,86.16263691415207,88.3911760301898,89.88882021697692,154.3
383.8880045013129,378.8310969284333,365.7157366042648,373.04825425137705,382.11124034762435,383.27144427937753,167.8
216.06017680266763,218.40558600914952,218.32544515012444,213.6375435170513,208.35546549106888,208.92582415776175,160.3
83.7615663654877,84.30895563343195,82.97590011563598,83.64807230295268,81.39410298049853,79.81227975693966,154.05
428.5148772213165,428.2534296418419,438.7710108929258,417.07673154948367,410.15728690345117,419.01312628603887,169.8
284.6770099604111,266.8126683649035,284.90349243208664,282.41812972966164,274.80356620684535,277.2814454665151,163.65
130.18832512940628,127.45587471748802,129.5414991421668,126.28935030318272,126.49110640673516,130.24976007655442,156.0
127.90621564255585,127.91012469699184,131.48764200486679,128.3160161476345,123.36936410632907,121.93850909372314,156.1
117.64352935882195,124.40257232067191,114.61239025515522,116.27553482998907,117.59251676871278,115.6027681329474,156.2
134.61797799699713,135.05924625881784,134.52880732393342,133.5440002396214,130.29965464267354,129.65338406690356,156.35
183.21571984958058,177.72450590731714,183.1529415543196,178.05897899291682,177.2596964907703,180.6931099959265,158.85
131.84839779079607,131.52946437965906,132.23085872821065,129.65338406690356,127.61269529321915,129.7112177107285,156.2
248.8473427625861,239.30106560565082,246.81166909204273,236.5776828020766,241.66091947189145,251.09759058979438,161.0
186.9438418349211,186.19613314996639,188.06381895516213,187.61929538296428,179.94721448246983,178.5301095053717,158.9
158.05062480104274,162.18816233005415,156.98407562552325,154.76756766196203,155.3962676514465,152.89865924853623,158.0
121.64292005702593,124.77579893553076,122.31925441237776,118.84864324004712,117.98728745080973,122.44998979175129,155.75
204.31348462595415,208.29066229670502,200.3247363657319,197.0406049523803,199.04019694524018,202.71408436514716,159.55
231.69160537231383,226.8237200999931,216.2614158836476,222.32633672149598,231.87280996270349,232.77671704876332,160.95
163.24827717314508,165.0272704737008,163.63679292872982,162.85576440519384,158.9591142401089,155.9262646253029,157.75
380.4904729424904,376.73332743467233,362.01243072579706,368.00135869314397,376.92041600316634,377.9219496139381,168.1
275.60116110060204,273.70787347096905,274.75807540452746,273.05860176892435,266.2667835085706,264.96792258686713,162.95
367.83827968279763,382.4264635194588,350.96011169362254,355.70915085220963,361.005540123694,366.39459603001785,167.15
177.67385851610248,177.39503938949363,176.02556632489498,172.6267650163207,170.98537949193198,175.88916964952674,158.45
182.22239159883728,185.0540461594936,185.04323819042943,180.47160441465576,173.97126199461795,176.02556632489498,158.85
114.54256850621084,116.4688799637053,114.58621208504974,111.07204868912793,112.57886124845994,111.89280584559492,155.35
430.09068811124007,421.7226576791909,429.66033095923575,422.49378693656547,413.9190742162047,413.85987966943605,169.8
127.78106275970629,125.57467897629681,128.08200498118384,124.27791436936813,122.3315167894194,126.57408897558771,156.0
328.0243893371345,300.9468391593439,331.4226908345293,318.8306760648981,314.1862504948299,325.25989608311687,166.45
86.76981041814025,84.970583144992,85.44588931013594,86.16263691415207,84.504437753292,84.05950273467003,154.1
340.59506749217616,337.08307581366347,330.0484812872194,334.2289634367435,333.99550895184206,331.621772505968,166.5
144.89996549343962,140.9432509913121,145.0551619212498,142.44297104455524,140.4563989286355,141.315250415516,156.75
93.62157870918436,94.02127418834527,90.8240056372763,91.08238029388559,91.66242414424791,90.44335243676012,154.55
263.0684321616716,250.1399608219366,255.78311124857328,262.45761562583783,257.4975728040946,253.0553299181821,162.45
237.35627229968037,236.12920192132103,234.26694175662087,227.19154913860683,231.81242417092315,239.6100999540712,160.75
126.05157674539421,121.19818480488888,124.63145670335399,120.74767078498863,122.24974437601088,126.24579200908043,155.6
174.7512517837855,175.86642658563346,174.88853593074646,175.0,170.51099671282205,168.62087652482418,158.5
210.98341167020686,212.8403157298917,207.40781084616847,210.2379604162864,207.3378884815797,203.85534086699815,160.3
361.9019204149102,348.38197427536346,351.71010790137944,349.57259617996374,356.4056677439347,353.1798408743058,167.9
257.1244834705556,256.07030284669867,256.8112147083924,250.52943938786916,248.3082761407682,254.0649523251879,162.0
231.2336480705176,228.77936969928035,228.77936969928035,222.62524564837653,221.9842336743761,225.85393509965684,160.7
105.84894897919392,101.965680500843,102.0,102.7861858422619,103.84603988597736,104.20172743289815,155.0
248.8634163552369,249.55159787106152,252.28753437298482,245.32631330536069,240.05207768315609,241.94627502815575,161.9
231.26175645791503,234.957442955102,229.17242417009948,225.89378034819816,225.48835890129672,225.8782858089728,160.8
105.55093557141028,104.38869670610895,105.68822072492279,105.1094667477673,103.12128781197413,101.21264743103994,155.05
98.2700361249552,97.63708311906906,98.43271813782243,98.47842403288143,95.42536350467836,97.01546268507923,154.85
137.59360450253493,129.6919426949878,139.17614738165446,132.00378782444085,131.94695904036593,137.41178988718545,156.3
421.09975065297766,410.32913618216287,429.80228012424493,408.75420487133835,402.99503719028604,416.03845976063315,169.55
93.53608929178085,93.77632963600144,92.4175308044962,91.28526715741155,91.54780172128659,92.64987857520376,154.4
236.5776828020766,242.39636960977776,235.47611343828487,233.42022191746798,229.92390045404156,230.8462691922917,161.35
105.60303025955268,111.40017953306898,100.84641788382969,104.67568963231147,106.25441167311595,105.30906893520614,155.2
174.64249196572982,182.47739586041882,176.3008791810183,172.02906731131225,170.8800749063506,167.29614460590537,158.35
176.81911661356077,172.6962651593832,181.1767093199344,172.90459797240788,171.3971995103771,177.79201331893398,158.6
91.23595782365636,90.37698822156004,90.42676594902642,89.88882021697692,90.13878188659972,88.32326986700619,154.35
140.80127840328726,139.98928530426892,140.41723540933285,137.32079230764728,135.6502856613284,136.82470537150812,156.5
310.3868553917836,310.3691350633951,314.9174495006588,305.15897496223175,298.60006697922887,297.7247050548543,164.6
219.22819161777528,210.09759636892562,219.1346617949794,213.2158530691374,213.4314878362609,216.09488656606385,160.35
105.67875850898324,104.38869670610895,108.2266141020775,105.60303025955268,102.15674231297709,100.9554357129917,155.05
408.83248403227446,396.23225512317896,403.2765800291408,401.31035371642236,396.10225952397695,401.66279389557604,168.9
134.6291201783626,135.20724832641184,131.84839779079607,131.84839779079607,130.39171752837677,132.25732493892352,156.5
89.06739021662193,88.56635930193814,88.81441324469807,86.4060183089118,86.53900854527973,85.70297544426332,154.1
88.29496021857645,88.52683209061533,85.44003745317532,85.70880934886449,85.58621384311844,86.33075929238663,154.3
184.70787747142785,180.01388835309345,180.85353189805284,178.01123560045303,179.5132307101624,185.82787734890587,158.65
230.90257685872632,243.87701818744628,231.3979256605383,226.49061790723246,225.85836269662454,223.78561169118984,160.95
298.187860249206,276.5375200583096,306.7262623252205,295.70593500976605,284.15488734139336,291.6058984314275,164.3
259.9884612824192,253.33969290263218,250.44959572736389,251.54323684011064,257.8410362994999,262.26894593146176,162.55
